scientificNameID,scientificName,scientificNameAuthorship,genericName,infragenericEpithet,specificEpithet,infraspecificEpithet,taxonRank,taxonRemarks,collectionCode,taxonomicStatus,acceptedNameUsageID,acceptedNameUsage,parentNameUsageID,parentNameUsage,kingdom,phylum,class,order,family,subfamily,genus,subgenus,higherClassification,verbatimIdentification,colTaxonID,gbifTaxonID,colAcceptedTaxonID,gbifAcceptedTaxonID
B1528:1:1,Abraeus granulum,,Abraeus,,granulum,,species,,B1528:1,accepted,,,,,,,,,,,Abraeus,,,Abraeus granulum,9JPFN,4433517,9JPFN,4433517
B1528:1:2,Abraeus parvulus,,Abraeus,,parvulus,,species,,B1528:1,accepted,,,,,,,,,,,Abraeus,,,Abraeus parvulus,9JPFQ,4433515,9JPFQ,4433515
B1528:1:3,Abraeus perpusillus,,Abraeus,,perpusillus,,species,,B1528:1,accepted,,,,,,,,,,,Abraeus,,,Abraeus perpusillus,9JPFR,4433510,9JPFR,4433510
B1528:1:4,Acritus homoeopathicus,,Acritus,,homoeopathicus,,species,,B1528:1,accepted,,,,,,,,,,,Acritus,,,Acritus homoeopathicus,9JQFG,4433525,9JQFG,4433525
B1528:1:5,Acritus komai,,Acritus,,komai,,species,,B1528:1,accepted,,,,,,,,,,,Acritus,,,Acritus komai,9JBW5,1044956,9JBW5,1044956
B1528:1:6,Acritus minutus,,Acritus,,minutus,,species,,B1528:1,accepted,,,,,,,,,,,Acritus,,,Acritus minutus,9JQG9,4433543,9JQG9,4433543
B1528:1:7,Acritus nigricornis,,Acritus,,nigricornis,,species,,B1528:1,accepted,,,,,,,,,,,Acritus,,,Acritus nigricornis,9JBW6,1044952,9JBW6,1044952
B1528:1:8,Aeletes atomarius,,Aeletes,,atomarius,,species,,B1528:1,accepted,,,,,,,,,,,Aeletes,,,Aeletes atomarius,9JQVH,4433561,9JQVH,4433561
B1528:1:9,Atholus bimaculatus,,Atholus,,bimaculatus,,species,,B1528:1,accepted,,,,,,,,,,,Atholus,,,Atholus bimaculatus,9JCBT,1045022,9JCBT,1045022
B1528:1:10,Atholus duodecimstriatus,,Atholus,,duodecimstriatus,,species,,B1528:1,accepted,,,,,,,,,,,Atholus,,,Atholus duodecimstriatus,9JV9V,4433421,9JV9V,4433421
B1528:1:11,Atholus praetermissus,,Atholus,,praetermissus,,species,,B1528:1,accepted,,,,,,,,,,,Atholus,,,Atholus praetermissus,9JVBV,4433428,9JVBV,4433428
B1528:1:12,Carcinops pumilio,,Carcinops,,pumilio,,species,,B1528:1,accepted,,,,,,,,,,,Carcinops,,,Carcinops pumilio,9JCKB,1044673,9JCKB,1044673
B1528:1:13,Chaetabraeus globulus,,Chaetabraeus,,globulus,,species,,B1528:1,accepted,,,,,,,,,,,Chaetabraeus,,,Chaetabraeus globulus,9JZ56,4433523,9JZ56,4433523
B1528:1:14,Chalcionellus decemstriatus,,Chalcionellus,,decemstriatus,,species,,B1528:1,accepted,,,,,,,,,,,Chalcionellus,,,Chalcionellus decemstriatus,9JZ7G,4433030,9JZ7G,4433030
B1528:1:15,Dendrophilus punctatus,,Dendrophilus,,punctatus,,species,,B1528:1,accepted,,,,,,,,,,,Dendrophilus,,,Dendrophilus punctatus,9JCRQ,4990283,9JCRQ,4990283
B1528:1:16,Dendrophilus pygmaeus,,Dendrophilus,,pygmaeus,,species,,B1528:1,accepted,,,,,,,,,,,Dendrophilus,,,Dendrophilus pygmaeus,9K449,5995929,9K449,5995929
B1528:1:17,Eblisia minor,,Eblisia,,minor,,species,,B1528:1,accepted,,,,,,,,,,,Eblisia,,,Eblisia minor,,4433259,,12144485
B1528:1:18,Gnathoncus buyssoni,,Gnathoncus,,buyssoni,,species,,B1528:1,accepted,,,,,,,,,,,Gnathoncus,,,Gnathoncus buyssoni,9K7FS,4433082,9K7FS,4433082
B1528:1:19,Gnathoncus communis,,Gnathoncus,,communis,,species,,B1528:1,accepted,,,,,,,,,,,Gnathoncus,,,Gnathoncus communis,9JCZJ,1044592,9JCZJ,1044592
B1528:1:20,Gnathoncus nannetensis,,Gnathoncus,,nannetensis,,species,,B1528:1,accepted,,,,,,,,,,,Gnathoncus,,,Gnathoncus nannetensis,9K7G2,4433088,9K7G2,4433088
B1528:1:21,Gnathoncus nidorum,,Gnathoncus,,nidorum,,species,,B1528:1,accepted,,,,,,,,,,,Gnathoncus,,,Gnathoncus nidorum,9K7G3,4433083,9K7G3,4433083
B1528:1:22,Gnathoncus rotundatus,,Gnathoncus,,rotundatus,,species,,B1528:1,accepted,,,,,,,,,,,Gnathoncus,,,Gnathoncus rotundatus,9JCZL,4433069,9JCZL,4433069
B1528:1:23,Haeterius ferrugineus,,Haeterius,,ferrugineus,,species,,B1528:1,accepted,,,,,,,,,,,Haeterius,,,Haeterius ferrugineus,9K84W,4433470,9K84W,4433470
B1528:1:24,Hister bissexstriatus,,Hister,,bissexstriatus,,species,,B1528:1,accepted,,,,,,,,,,,Hister,,,Hister bissexstriatus,9K95W,4433312,9K95W,4433312
B1528:1:25,Hister funestus,,Hister,,funestus,,species,,B1528:1,accepted,,,,,,,,,,,Hister,,,Hister funestus,9K983,4433318,9K983,4433318
B1528:1:26,Hister unicolor,,Hister,,unicolor,,species,,B1528:1,accepted,,,,,,,,,,,Hister,,,Hister unicolor,9K9FJ,4433298,9K9FJ,4433298
B1528:1:27,Hololepta plana,,Hololepta,,plana,,species,,B1528:1,accepted,,,,,,,,,,,Hololepta,,,Hololepta plana,9K9K9,4433229,9K9K9,4433229
B1528:1:28,Hypocaccus dimidiatus,,Hypocaccus,,dimidiatus,,species,,B1528:1,accepted,,,,,,,,,,,Hypocaccus,,,Hypocaccus dimidiatus,9KCK2,4433131,9KCK2,4433131
B1528:1:29,Hypocaccus metallicus,,Hypocaccus,,metallicus,,species,,B1528:1,accepted,,,,,,,,,,,Hypocaccus,,,Hypocaccus metallicus,9KCKJ,4433110,9KCKJ,4433110
B1528:1:30,Hypocaccus rufipes,,Hypocaccus,,rufipes,,species,,B1528:1,accepted,,,,,,,,,,,Hypocaccus,,,Hypocaccus rufipes,9P7DL,8483966,9P7DL,8483966
B1528:1:31,Hypocaccus rugiceps,,Hypocaccus,,rugiceps,,species,,B1528:1,accepted,,,,,,,,,,,Hypocaccus,,,Hypocaccus rugiceps,9KCKV,4433114,9KCKV,4433114
B1528:1:32,Hypocaccus rugifrons,,Hypocaccus,,rugifrons,,species,,B1528:1,accepted,,,,,,,,,,,Hypocaccus,,,Hypocaccus rugifrons,9KCKW,4433120,9KCKW,4433120
B1528:1:33,Margarinotus brunneus,,Margarinotus,,brunneus,,species,,B1528:1,accepted,,,,,,,,,,,Margarinotus,,,Margarinotus brunneus,9JDJC,1044983,9JDJC,1044983
B1528:1:34,Margarinotus carbonarius,,Margarinotus,,carbonarius,,species,,B1528:1,accepted,,,,,,,,,,,Margarinotus,,,Margarinotus carbonarius,9KGBX,4433367,9KGBX,4433367
B1528:1:35,Margarinotus marginatus,,Margarinotus,,marginatus,,species,,B1528:1,accepted,,,,,,,,,,,Margarinotus,,,Margarinotus marginatus,9KGCY,4433413,9KGCY,4433413
B1528:1:36,Margarinotus merdarius,,Margarinotus,,merdarius,,species,,B1528:1,accepted,,,,,,,,,,,Margarinotus,,,Margarinotus merdarius,9JDJL,4433386,9JDJL,4433386
B1528:1:37,Margarinotus neglectus,,Margarinotus,,neglectus,,species,,B1528:1,accepted,,,,,,,,,,,Margarinotus,,,Margarinotus neglectus,9KGD7,4433355,9KGD7,4433355
B1528:1:38,Margarinotus obscurus,,Margarinotus,,obscurus,,species,,B1528:1,accepted,,,,,,,,,,,Margarinotus,,,Margarinotus obscurus,9JDJQ,1044982,9JDJQ,1044982
B1528:1:39,Margarinotus purpurascens,,Margarinotus,,purpurascens,,species,,B1528:1,accepted,,,,,,,,,,,Margarinotus,,,Margarinotus purpurascens,9JDJ7,1044984,9JDJ7,1044984
B1528:1:40,Margarinotus striola,,Margarinotus,,striola,,species,,B1528:1,accepted,,,,,,,,,,,Margarinotus,,,Margarinotus striola,9KGF2,4433400,9KGF2,4433400
B1528:1:41,Margarinotus terricola,,Margarinotus,,terricola,,species,,B1528:1,accepted,,,,,,,,,,,Margarinotus,,,Margarinotus terricola,9KGF5,4433398,9KGF5,4433398
B1528:1:42,Margarinotus ventralis,,Margarinotus,,ventralis,,species,,B1528:1,accepted,,,,,,,,,,,Margarinotus,,,Margarinotus ventralis,9KGFF,4433360,9KGFF,4433360
B1528:1:43,Myrmetes paykulli,,Myrmetes,,paykulli,,species,,B1528:1,accepted,,,,,,,,,,,Myrmetes,,,Myrmetes paykulli,9KHHY,4433091,9KHHY,4433091
B1528:1:44,Onthophilus striatus,,Onthophilus,,striatus,,species,,B1528:1,accepted,,,,,,,,,,,Onthophilus,,,Onthophilus striatus,9KKNG,5745012,9KKNG,5745012
B1528:1:45,Paromalus flavicornis,,Paromalus,,flavicornis,,species,,B1528:1,accepted,,,,,,,,,,,Paromalus,,,Paromalus flavicornis,9KM4C,4433174,9KM4C,4433174
B1528:1:46,Paromalus parallelepipedus,,Paromalus,,parallelepipedus,,species,,B1528:1,accepted,,,,,,,,,,,Paromalus,,,Paromalus parallelepipedus,9KM4X,4433178,9KM4X,4433178
B1528:1:47,Platylomalus complanatus,,Platylomalus,,complanatus,,species,,B1528:1,accepted,,,,,,,,,,,Platylomalus,,,Platylomalus complanatus,9KNFC,4433183,9KNFC,4433183
B1528:1:48,Platysoma angustatum,,Platysoma,,angustatum,,species,,B1528:1,accepted,,,,,,,,,,,Platysoma,,,Platysoma angustatum,9KNJV,5996117,9KNJV,5996117
B1528:1:49,Platysoma compressum,,Platysoma,,compressum,,species,,B1528:1,accepted,,,,,,,,,,,Platysoma,,,Platysoma compressum,9KNKC,5744989,9KNKC,5744989
B1528:1:50,Platysoma deplanatum,,Platysoma,,deplanatum,,species,,B1528:1,accepted,,,,,,,,,,,Platysoma,,,Platysoma deplanatum,9KNKK,5744987,9KNKK,5744987
B1528:1:51,Platysoma elongatum,,Platysoma,,elongatum,,species,,B1528:1,accepted,,,,,,,,,,,Platysoma,,,Platysoma elongatum,9KNKN,5996149,9KNKN,5996149
B1528:1:52,Platysoma lineare,,Platysoma,,lineare,,species,,B1528:1,accepted,,,,,,,,,,,Platysoma,,,Platysoma lineare,9KNKZ,5996095,9KNKZ,5996095
B1528:1:53,Plegaderus caesus,,Plegaderus,,caesus,,species,,B1528:1,accepted,,,,,,,,,,,Plegaderus,,,Plegaderus caesus,9KNMR,4433570,9KNMR,4433570
B1528:1:54,Plegaderus dissectus,,Plegaderus,,dissectus,,species,,B1528:1,accepted,,,,,,,,,,,Plegaderus,,,Plegaderus dissectus,9KNMZ,4433572,9KNMZ,4433572
B1528:1:55,Plegaderus sanatus,,Plegaderus,,sanatus,,species,,B1528:1,accepted,,,,,,,,,,,Plegaderus,,,Plegaderus sanatus,9KNNB,4433564,9KNNB,4433564
B1528:1:56,Plegaderus saucius,,Plegaderus,,saucius,,species,,B1528:1,accepted,,,,,,,,,,,Plegaderus,,,Plegaderus saucius,9KNNC,4433576,9KNNC,4433576
B1528:1:57,Plegaderus vulneratus,,Plegaderus,,vulneratus,,species,,B1528:1,accepted,,,,,,,,,,,Plegaderus,,,Plegaderus vulneratus,9KNNF,4433574,9KNNF,4433574
B1528:1:58,Saprinus aeneus,,Saprinus,,aeneus,,species,,B1528:1,accepted,,,,,,,,,,,Saprinus,,,Saprinus aeneus,9KS4B,4432988,9KS4B,4432988
B1528:1:59,Saprinus immundus,,Saprinus,,immundus,,species,,B1528:1,accepted,,,,,,,,,,,Saprinus,,,Saprinus immundus,9KS6Y,4432917,9KS6Y,4432917
B1528:1:60,Saprinus planiusculus,,Saprinus,,planiusculus,,species,,B1528:1,accepted,,,,,,,,,,,Saprinus,,,Saprinus planiusculus,9KS8C,4432928,9KS8C,4432928
B1528:1:61,Saprinus rugifer,,Saprinus,,rugifer,,species,,B1528:1,accepted,,,,,,,,,,,Saprinus,,,Saprinus rugifer,9KS8W,4432973,9KS8W,4432973
B1528:1:62,Saprinus semistriatus,,Saprinus,,semistriatus,,species,,B1528:1,accepted,,,,,,,,,,,Saprinus,,,Saprinus semistriatus,9KS94,4432936,9KS94,4432936
B1528:1:63,Saprinus virescens,,Saprinus,,virescens,,species,,B1528:1,accepted,,,,,,,,,,,Saprinus,,,Saprinus virescens,9KSB2,4432981,9KSB2,4432981
B1528:1:64,Teretrius fabricii,,Teretrius,,fabricii,,species,,B1528:1,accepted,,,,,,,,,,,Teretrius,,,Teretrius fabricii,7BRWZ,4433594,7BRWZ,4433594