scientificNameID,scientificName,scientificNameAuthorship,genericName,infragenericEpithet,specificEpithet,infraspecificEpithet,taxonRank,taxonRemarks,collectionCode,taxonomicStatus,acceptedNameUsageID,acceptedNameUsage,parentNameUsageID,parentNameUsage,kingdom,phylum,class,order,family,subfamily,genus,subgenus,higherClassification,verbatimIdentification,colTaxonID,gbifTaxonID,colAcceptedTaxonID,gbifAcceptedTaxonID
B201:1:1,Symphyta,,,,,,suborder,,B201:1,accepted,,,,,,,,,,,,,,Symphyta,92NKS,,92NKS,
B201:1:2,Xyeloidea,,,,,,superfamily,,B201:1,accepted,,,B201:1:1,Symphyta,,,,,,,,,Symphyta,Xyeloidea,5TP,,5TP,
B201:1:3,Xyelidae,,,,,,family,,B201:1,accepted,,,B201:1:2,Xyeloidea,,,,,Xyelidae,,,,Symphyta | Xyeloidea,Xyelidae,HYJ,7921,HYJ,7921
B201:1:4,Xyelinae,,,,,,subfamily,,B201:1,accepted,,,B201:1:3,Xyelidae,,,,,Xyelidae,Xyelinae,,,Symphyta | Xyeloidea | Xyelidae,Xyelinae,,,,
B201:1:5,Xyela Dalman,Dalman,,,,,genus,,B201:1,accepted,,,B201:1:4,Xyelinae,,,,,Xyelidae,Xyelinae,Xyela,,Symphyta | Xyeloidea | Xyelidae | Xyelinae,Xyela Dalman,,4405000,,4405000
B201:1:6,Xyela julii Brébisson,Brébisson,Xyela,,julii,,species,,B201:1,accepted,,,B201:1:5,Xyela Dalman,,,,,Xyelidae,Xyelinae,Xyela,,Symphyta | Xyeloidea | Xyelidae | Xyelinae | Xyela,julii Brébisson,,4489983,,4489983
B201:1:7,Xyelatana Benson,Benson,,,,,genus,,B201:1,accepted,,,B201:1:4,Xyelinae,,,,,Xyelidae,Xyelinae,Xyelatana,,Symphyta | Xyeloidea | Xyelidae | Xyelinae,Xyelatana Benson,,4489993,,4405000
B201:1:8,Xyelatana piliserra (C. G. Thomson),(C. G. Thomson),Xyelatana,,piliserra,,species,,B201:1,accepted,,,B201:1:7,Xyelatana Benson,,,,,Xyelidae,Xyelinae,Xyelatana,,Symphyta | Xyeloidea | Xyelidae | Xyelinae | Xyelatana,piliserra (C. G. Thomson),,9293940,,4489977
B201:1:9,Megalodontoidea,,,,,,superfamily,,B201:1,accepted,,,B201:1:1,Symphyta,,,,,,,,,Symphyta,Megalodontoidea,,,,
B201:1:10,Pamphiliidae,,,,,,family,,B201:1,accepted,,,B201:1:9,Megalodontoidea,,,,,Pamphiliidae,,,,Symphyta | Megalodontoidea,Pamphiliidae,CBP5B,4346,CBP5B,4346
B201:1:11,Cerphalciinae,,,,,,subfamily,,B201:1,accepted,,,B201:1:10,Pamphiliidae,,,,,Pamphiliidae,Cerphalciinae,,,Symphyta | Megalodontoidea | Pamphiliidae,Cerphalciinae,,,,
B201:1:12,Acantholyda A. Costa,A. Costa,,,,,genus,,B201:1,accepted,,,B201:1:11,Cerphalciinae,,,,,Pamphiliidae,Cerphalciinae,Acantholyda,,Symphyta | Megalodontoidea | Pamphiliidae | Cerphalciinae,Acantholyda A. Costa,C8XWC,1248773,C8XWC,1248773
B201:1:13,Pamphilius,,,,,,genus,,B201:1,heterotypic synonym,B201:1:12,Acantholyda A. Costa,,,,,,,Pamphiliidae,Cerphalciinae,Pamphilius,,Symphyta | Megalodontoidea | Pamphiliidae | Cerphalciinae,Pamphilius,,4406666,,4406666
B201:1:14,Lyda,,,,,,genus,,B201:1,heterotypic synonym,B201:1:12,Acantholyda A. Costa,,,,,,,Pamphiliidae,Cerphalciinae,Lyda,,Symphyta | Megalodontoidea | Pamphiliidae | Cerphalciinae,Lyda,,4571847,,4406666
B201:1:15,Acantholyda erythrocephala (L.),(L.),Acantholyda,,erythrocephala,,species,,B201:1,accepted,,,B201:1:12,Acantholyda A. Costa,,,,,Pamphiliidae,Cerphalciinae,Acantholyda,,Symphyta | Megalodontoidea | Pamphiliidae | Cerphalciinae | Acantholyda,erythrocephala (L.),,1248774,,1248774
B201:1:16,Acantholyda posticalis Matsumura,Matsumura,Acantholyda,,posticalis,,species,,B201:1,accepted,,,B201:1:12,Acantholyda A. Costa,,,,,Pamphiliidae,Cerphalciinae,Acantholyda,,Symphyta | Megalodontoidea | Pamphiliidae | Cerphalciinae | Acantholyda,posticalis Matsumura,,4492358,,4492358
B201:1:17,Acantholyda stellata Christ,Christ,Acantholyda,,stellata,,species,nec Geoffroy,B201:1,synonym,B201:1:16,Acantholyda posticalis Matsumura,,,,,,,Pamphiliidae,Cerphalciinae,Acantholyda,,Symphyta | Megalodontoidea | Pamphiliidae | Cerphalciinae | Acantholyda,stellata Christ nec Geoffroy,,,,
B201:1:18,Acantholyda nemoralis Thomson,Thomson,Acantholyda,,nemoralis,,species,nec L.,B201:1,synonym,B201:1:16,Acantholyda posticalis Matsumura,,,,,,,Pamphiliidae,Cerphalciinae,Acantholyda,,Symphyta | Megalodontoidea | Pamphiliidae | Cerphalciinae | Acantholyda,nemoralis Thomson nec L.,,4492360,,4492288
B201:1:19,Acantholyda pinivora Enslin,Enslin,Acantholyda,,pinivora,,species,,B201:1,synonym,B201:1:16,Acantholyda posticalis Matsumura,,,,,,,Pamphiliidae,Cerphalciinae,Acantholyda,,Symphyta | Megalodontoidea | Pamphiliidae | Cerphalciinae | Acantholyda,pinivora Enslin,,10544290,,4492358
B201:1:20,Pamphiliinae,,,,,,subfamily,,B201:1,accepted,,,B201:1:10,Pamphiliidae,,,,,Pamphiliidae,Pamphiliinae,,,Symphyta | Megalodontoidea | Pamphiliidae,Pamphiliinae,,,,
B201:1:21,Neurotoma Konow,Konow,,,,,genus,,B201:1,accepted,,,B201:1:20,Pamphiliinae,,,,,Pamphiliidae,Pamphiliinae,Neurotoma,,Symphyta | Megalodontoidea | Pamphiliidae | Pamphiliinae,Neurotoma Konow,CBJVW,1248775,CBJVW,1248775
B201:1:22,Pamphilius,,,,,,genus,,B201:1,heterotypic synonym,B201:1:21,Neurotoma Konow,,,,,,,Pamphiliidae,Pamphiliinae,Pamphilius,,Symphyta | Megalodontoidea | Pamphiliidae | Pamphiliinae,Pamphilius,,4406666,,4406666
B201:1:23,Neurotoma saltuum (L.),(L.),Neurotoma,,saltuum,,species,,B201:1,accepted,,,B201:1:21,Neurotoma Konow,,,,,Pamphiliidae,Pamphiliinae,Neurotoma,,Symphyta | Megalodontoidea | Pamphiliidae | Pamphiliinae | Neurotoma,saltuum (L.),,4492282,,4492282
B201:1:24,Neurotoma flaviventris Retz.,Retz.,Neurotoma,,flaviventris,,species,,B201:1,synonym,B201:1:23,Neurotoma saltuum (L.),,,,,,,Pamphiliidae,Pamphiliinae,Neurotoma,,Symphyta | Megalodontoidea | Pamphiliidae | Pamphiliinae | Neurotoma,flaviventris Retz.,,9286164,,4492282
B201:1:25,Neurotoma mandibularis (Zaddach),(Zaddach),Neurotoma,,mandibularis,,species,,B201:1,accepted,,,B201:1:21,Neurotoma Konow,,,,,Pamphiliidae,Pamphiliinae,Neurotoma,,Symphyta | Megalodontoidea | Pamphiliidae | Pamphiliinae | Neurotoma,mandibularis (Zaddach),,4492280,,4492280
B201:1:26,Pamphilius Latreille,Latreille,,,,,genus,,B201:1,accepted,,,B201:1:20,Pamphiliinae,,,,,Pamphiliidae,Pamphiliinae,Pamphilius,,Symphyta | Megalodontoidea | Pamphiliidae | Pamphiliinae,Pamphilius Latreille,,4406666,,4406666
B201:1:27,Pamphilius sylvarum (Stephens),(Stephens),Pamphilius,,sylvarum,,species,,B201:1,accepted,,,B201:1:26,Pamphilius Latreille,,,,,Pamphiliidae,Pamphiliinae,Pamphilius,,Symphyta | Megalodontoidea | Pamphiliidae | Pamphiliinae | Pamphilius,sylvarum (Stephens),,4492341,,4492341
B201:1:28,Pamphilius nigricornis Vollenhoven,Vollenhoven,Pamphilius,,nigricornis,,species,,B201:1,synonym,B201:1:27,Pamphilius sylvarum (Stephens),,,,,,,Pamphiliidae,Pamphiliinae,Pamphilius,,Symphyta | Megalodontoidea | Pamphiliidae | Pamphiliinae | Pamphilius,nigricornis Vollenhoven,,6097005,,4492341
B201:1:29,Pamphilius betulae (L.),(L.),Pamphilius,,betulae,,species,,B201:1,accepted,,,B201:1:26,Pamphilius Latreille,,,,,Pamphiliidae,Pamphiliinae,Pamphilius,,Symphyta | Megalodontoidea | Pamphiliidae | Pamphiliinae | Pamphilius,betulae (L.),,4492331,,4492331
B201:1:30,Pamphilius gyllenhali (Dahlbom),(Dahlbom),Pamphilius,,gyllenhali,,species,,B201:1,accepted,,,B201:1:26,Pamphilius Latreille,,,,,Pamphiliidae,Pamphiliinae,Pamphilius,,Symphyta | Megalodontoidea | Pamphiliidae | Pamphiliinae | Pamphilius,gyllenhali (Dahlbom),,4492315,,4492315
B201:1:31,Pamphilius histrio (Latreille),(Latreille),Pamphilius,,histrio,,species,,B201:1,accepted,,,B201:1:26,Pamphilius Latreille,,,,,Pamphiliidae,Pamphiliinae,Pamphilius,,Symphyta | Megalodontoidea | Pamphiliidae | Pamphiliinae | Pamphilius,histrio (Latreille),,4492335,,4492335
B201:1:32,Pamphilius flaviventris Retzius in Stephens,Retzius in Stephens,Pamphilius,,flaviventris,,species,nec Retzius,B201:1,synonym,B201:1:31,Pamphilius histrio (Latreille),,,,,,,Pamphiliidae,Pamphiliinae,Pamphilius,,Symphyta | Megalodontoidea | Pamphiliidae | Pamphiliinae | Pamphilius,flaviventris Retzius in Stephens nec Retzius,,11324192,,4492282
B201:1:33,Pamphilius latifrons (Fallén),(Fallén),Pamphilius,,latifrons,,species,,B201:1,accepted,,,B201:1:26,Pamphilius Latreille,,,,,Pamphiliidae,Pamphiliinae,Pamphilius,,Symphyta | Megalodontoidea | Pamphiliidae | Pamphiliinae | Pamphilius,latifrons (Fallén),,4492300,,4492300
B201:1:34,Pamphilius stramineipes (Hartig),(Hartig),Pamphilius,,stramineipes,,species,,B201:1,accepted,,,B201:1:26,Pamphilius Latreille,,,,,Pamphiliidae,Pamphiliinae,Pamphilius,,Symphyta | Megalodontoidea | Pamphiliidae | Pamphiliinae | Pamphilius,stramineipes (Hartig),,4492302,,4492302
B201:1:35,Pamphilius arbustorum F. in Cameron,F. in Cameron,Pamphilius,,arbustorum,,species,,B201:1,synonym,B201:1:34,Pamphilius stramineipes (Hartig),,,,,,,Pamphiliidae,Pamphiliinae,Pamphilius,,Symphyta | Megalodontoidea | Pamphiliidae | Pamphiliinae | Pamphilius,arbustorum F. in Cameron,,11239475,,4492302
B201:1:36,Pamphilius varius (Lepeletier),(Lepeletier),Pamphilius,,varius,,species,,B201:1,accepted,,,B201:1:26,Pamphilius Latreille,,,,,Pamphiliidae,Pamphiliinae,Pamphilius,,Symphyta | Megalodontoidea | Pamphiliidae | Pamphiliinae | Pamphilius,varius (Lepeletier),,4492311,,4492311
B201:1:37,Pamphilius vafer L.,L.,Pamphilius,,vafer,,species,auctt. nec L.,B201:1,synonym,B201:1:36,Pamphilius varius (Lepeletier),,,,,,,Pamphiliidae,Pamphiliinae,Pamphilius,,Symphyta | Megalodontoidea | Pamphiliidae | Pamphiliinae | Pamphilius,vafer L. auctt. nec L.,,4492312,,4492312
B201:1:38,Pamphilius balteatus (Fallén),(Fallén),Pamphilius,,balteatus,,species,,B201:1,accepted,,,B201:1:26,Pamphilius Latreille,,,,,Pamphiliidae,Pamphiliinae,Pamphilius,,Symphyta | Megalodontoidea | Pamphiliidae | Pamphiliinae | Pamphilius,balteatus (Fallén),,4492291,,4492291
B201:1:39,Pamphilius cingulatus Latreille in Cameron,Latreille in Cameron,Pamphilius,,cingulatus,,species,,B201:1,synonym,B201:1:38,Pamphilius balteatus (Fallén),,,,,,,Pamphiliidae,Pamphiliinae,Pamphilius,,Symphyta | Megalodontoidea | Pamphiliidae | Pamphiliinae | Pamphilius,cingulatus Latreille in Cameron,,11281212,,4492291
B201:1:40,Pamphilius hortorum,,Pamphilius,,hortorum,,species,,B201:1,accepted,,,B201:1:26,Pamphilius Latreille,,,,,Pamphiliidae,Pamphiliinae,Pamphilius,,Symphyta | Megalodontoidea | Pamphiliidae | Pamphiliinae | Pamphilius,hortorum,,4492318,,4492318
B201:1:41,Pamphilius hortorum subsp. hortorum (Klug),(Klug),Pamphilius,,hortorum,hortorum,subspecies,,B201:1,accepted,,,B201:1:40,Pamphilius hortorum,,,,,Pamphiliidae,Pamphiliinae,Pamphilius,,Symphyta | Megalodontoidea | Pamphiliidae | Pamphiliinae | Pamphilius | Pamphilius hortorum,hortorum hortorum (Klug),,11221570,,11221570
B201:1:42,Pamphilius hortorum subsp. bicinctus Benson,Benson,Pamphilius,,hortorum,bicinctus,subspecies,,B201:1,accepted,,,B201:1:40,Pamphilius hortorum,,,,,Pamphiliidae,Pamphiliinae,Pamphilius,,Symphyta | Megalodontoidea | Pamphiliidae | Pamphiliinae | Pamphilius | Pamphilius hortorum,hortorum bicinctus Benson,,9493044,,9493044
B201:1:43,Pamphilius vafer (L.),(L.),Pamphilius,,vafer,,species,,B201:1,accepted,,,B201:1:26,Pamphilius Latreille,,,,,Pamphiliidae,Pamphiliinae,Pamphilius,,Symphyta | Megalodontoidea | Pamphiliidae | Pamphiliinae | Pamphilius,vafer (L.),,4492312,,4492312
B201:1:44,Pamphilius depressus Schrank,Schrank,Pamphilius,,depressus,,species,,B201:1,synonym,B201:1:43,Pamphilius vafer (L.),,,,,,,Pamphiliidae,Pamphiliinae,Pamphilius,,Symphyta | Megalodontoidea | Pamphiliidae | Pamphiliinae | Pamphilius,depressus Schrank,,11324500,,4492312
B201:1:45,Pamphilius pallipes (Zetterstedt),(Zetterstedt),Pamphilius,,pallipes,,species,,B201:1,accepted,,,B201:1:26,Pamphilius Latreille,,,,,Pamphiliidae,Pamphiliinae,Pamphilius,,Symphyta | Megalodontoidea | Pamphiliidae | Pamphiliinae | Pamphilius,pallipes (Zetterstedt),,4492324,,4492324
B201:1:46,Pamphilius inanitus (Villers),(Villers),Pamphilius,,inanitus,,species,,B201:1,accepted,,,B201:1:26,Pamphilius Latreille,,,,,Pamphiliidae,Pamphiliinae,Pamphilius,,Symphyta | Megalodontoidea | Pamphiliidae | Pamphiliinae | Pamphilius,inanitus (Villers),,4492336,,4492336
B201:1:47,Pamphilius fumipennis (Curtis),(Curtis),Pamphilius,,fumipennis,,species,,B201:1,accepted,,,B201:1:26,Pamphilius Latreille,,,,,Pamphiliidae,Pamphiliinae,Pamphilius,,Symphyta | Megalodontoidea | Pamphiliidae | Pamphiliinae | Pamphilius,fumipennis (Curtis),,4492333,,4492333
B201:1:48,Pamphilius sylvaticus (L.),(L.),Pamphilius,,sylvaticus,,species,,B201:1,accepted,,,B201:1:26,Pamphilius Latreille,,,,,Pamphiliidae,Pamphiliinae,Pamphilius,,Symphyta | Megalodontoidea | Pamphiliidae | Pamphiliinae | Pamphilius,sylvaticus (L.),,4492326,,4492326
B201:1:49,Megalodontesidae,,,,,,family,,B201:1,accepted,,,B201:1:9,Megalodontoidea,,,,,Megalodontesidae,,,,Symphyta | Megalodontoidea,Megalodontidae,CBD26,5430774,CBD26,5430774
B201:1:50,Megalodontes Latreille,Latreille,,,,,genus,,B201:1,accepted,,,B201:1:49,Megalodontesidae,,,,,Megalodontesidae,,Megalodontes,,Symphyta | Megalodontoidea | Megalodontesidae,Megalodontes Latreille,,3259243,,3259243
B201:1:51,Megalodontes spissicornis Klug,Klug,Megalodontes,,spissicornis,,species,,B201:1,accepted,,,B201:1:50,Megalodontes Latreille,,,,,Megalodontesidae,,Megalodontes,,Symphyta | Megalodontoidea | Megalodontesidae | Megalodontes,spissicornis Klug,,11235468,,4492231
B201:1:52,Megalodontes klugii Leach,Leach,Megalodontes,,klugii,,species,,B201:1,synonym,B201:1:51,Megalodontes spissicornis Klug,,,,,,,Megalodontesidae,,Megalodontes,,Symphyta | Megalodontoidea | Megalodontesidae | Megalodontes,klugii Leach,,8188133,,4492231
B201:1:53,Megalodontes cephalotes Fabricius,Fabricius,Megalodontes,,cephalotes,,species,,B201:1,accepted,,,B201:1:50,Megalodontes Latreille,,,,,Megalodontesidae,,Megalodontes,,Symphyta | Megalodontoidea | Megalodontesidae | Megalodontes,cephalotes Fabricius,,4492231,,4492231
B201:1:54,Megalodontes plagiocephala Fabricius,Fabricius,Megalodontes,,plagiocephala,,species,,B201:1,accepted,,,B201:1:50,Megalodontes Latreille,,,,,Megalodontesidae,,Megalodontes,,Symphyta | Megalodontoidea | Megalodontesidae | Megalodontes,plagiocephala Fabricius,,4492262,,4492262
B201:1:55,Siricoidea,,,,,,superfamily,,B201:1,accepted,,,B201:1:1,Symphyta,,,,,,,,,Symphyta,Siricoidea,5NT,,5NT,
B201:1:56,Xiphydriidae,,,,,,family,,B201:1,accepted,,,B201:1:55,Siricoidea,,,,,Xiphydriidae,,,,Symphyta | Siricoidea,Xiphydriidae,626ST,6042,626ST,6042
B201:1:57,Xiphydria Latreille,Latreille,,,,,genus,,B201:1,accepted,,,B201:1:56,Xiphydriidae,,,,,Xiphydriidae,,Xiphydria,,Symphyta | Siricoidea | Xiphydriidae,Xiphydria Latreille,,9088735,,9088735
B201:1:58,Xiphydria prolongata (Geoffroy),(Geoffroy),Xiphydria,,prolongata,,species,,B201:1,accepted,,,B201:1:57,Xiphydria Latreille,,,,,Xiphydriidae,,Xiphydria,,Symphyta | Siricoidea | Xiphydriidae | Xiphydria,prolongata (Geoffroy),,4492395,,4492395
B201:1:59,Xiphydria camelus (L.),(L.),Xiphydria,,camelus,,species,,B201:1,accepted,,,B201:1:57,Xiphydria Latreille,,,,,Xiphydriidae,,Xiphydria,,Symphyta | Siricoidea | Xiphydriidae | Xiphydria,camelus (L.),,4492393,,4492393
B201:1:60,Siricidae,,,,,,family,,B201:1,accepted,,,B201:1:55,Siricoidea,,,,,Siricidae,,,,Symphyta | Siricoidea,Siricidae,GC4,7915,GC4,7915
B201:1:61,Urocerus Geoffroy,Geoffroy,,,,,genus,,B201:1,accepted,,,B201:1:60,Siricidae,,,,,Siricidae,,Urocerus,,Symphyta | Siricoidea | Siricidae,Urocerus Geoffroy,,4406464,,4406464
B201:1:62,Sirex L.,L.,,,,,genus,,B201:1,heterotypic synonym,B201:1:61,Urocerus Geoffroy,,,,,,,Siricidae,,Sirex,,Symphyta | Siricoidea | Siricidae,Sirex L.,CC3X3,1358462,CC3X3,1358462
B201:1:63,Urocerus californicus (Norton),(Norton),Urocerus,,californicus,,species,,B201:1,accepted,,,B201:1:61,Urocerus Geoffroy,,,,,Siricidae,,Urocerus,,Symphyta | Siricoidea | Siricidae | Urocerus,californicus (Norton),,4492211,,4492211
B201:1:64,Urocerus albicornis F.,F.,Urocerus,,albicornis,,species,,B201:1,accepted,,,B201:1:61,Urocerus Geoffroy,,,,,Siricidae,,Urocerus,,Symphyta | Siricoidea | Siricidae | Urocerus,albicornis F.,,4492212,,4492212
B201:1:65,Urocerus augur,,Urocerus,,augur,,species,,B201:1,accepted,,,B201:1:61,Urocerus Geoffroy,,,,,Siricidae,,Urocerus,,Symphyta | Siricoidea | Siricidae | Urocerus,augur,,4492215,,4492215
B201:1:66,Urocerus augur subsp. augur (Klug),(Klug),Urocerus,,augur,augur,subspecies,,B201:1,accepted,,,B201:1:65,Urocerus augur,,,,,Siricidae,,Urocerus,,Symphyta | Siricoidea | Siricidae | Urocerus | Urocerus augur,augur augur (Klug),,,,
B201:1:67,Urocerus gigas,,Urocerus,,gigas,,species,,B201:1,accepted,,,B201:1:61,Urocerus Geoffroy,,,,,Siricidae,,Urocerus,,Symphyta | Siricoidea | Siricidae | Urocerus,gigas,,4492208,,4492208
B201:1:68,Urocerus gigas subsp. gigas (L.),(L.),Urocerus,,gigas,gigas,subspecies,,B201:1,accepted,,,B201:1:67,Urocerus gigas,,,,,Siricidae,,Urocerus,,Symphyta | Siricoidea | Siricidae | Urocerus | Urocerus gigas,gigas gigas (L.),,9560918,,9560918
B201:1:69,Urocerus gigas subsp. taiganus Benson,Benson,Urocerus,,gigas,taiganus,subspecies,,B201:1,accepted,,,B201:1:67,Urocerus gigas,,,,,Siricidae,,Urocerus,,Symphyta | Siricoidea | Siricidae | Urocerus | Urocerus gigas,gigas taiganus Benson,,,,
B201:1:70,Urocerus gigas subsp. flavicornis (F.),(F.),Urocerus,,gigas,flavicornis,subspecies,,B201:1,accepted,,,B201:1:67,Urocerus gigas,,,,,Siricidae,,Urocerus,,Symphyta | Siricoidea | Siricidae | Urocerus | Urocerus gigas,gigas flavicornis (F.),,10744797,,10744797
B201:1:71,Sirex L.,L.,,,,,genus,,B201:1,accepted,,,B201:1:60,Siricidae,,,,,Siricidae,,Sirex,,Symphyta | Siricoidea | Siricidae,Sirex L.,CC3X3,1358462,CC3X3,1358462
B201:1:72,Sirex L.,L.,,,,,genus,,B201:1,heterotypic synonym,B201:1:71,Sirex L.,,,,,,,Siricidae,,Sirex,,Symphyta | Siricoidea | Siricidae,Sirex L.,CC3X3,1358462,CC3X3,1358462
B201:1:73,Paururus Konow,Konow,,,,,genus,,B201:1,synonym,B201:1:71,Sirex L.,,,,,,,Siricidae,,Paururus,,Symphyta | Siricoidea | Siricidae,Paururus Konow,,4679848,,1358462
B201:1:74,Sirex areolatus (Cresson),(Cresson),Sirex,,areolatus,,species,,B201:1,accepted,,,B201:1:71,Sirex L.,,,,,Siricidae,,Sirex,,Symphyta | Siricoidea | Siricidae | Sirex,areolatus (Cresson),,4492195,,4492195
B201:1:75,Sirex noetilio (Fabricius),(Fabricius),Sirex,,noetilio,,species,,B201:1,accepted,,,B201:1:71,Sirex L.,,,,,Siricidae,,Sirex,,Symphyta | Siricoidea | Siricidae | Sirex,noetilio (Fabricius),,4492199,,4492199
B201:1:76,Sirex melanocerus Thomson,Thomson,Sirex,,melanocerus,,species,,B201:1,synonym,B201:1:75,Sirex noetilio (Fabricius),,,,,,,Siricidae,,Sirex,,Symphyta | Siricoidea | Siricidae | Sirex,melanocerus Thomson,,9252345,,4492199
B201:1:77,Sirex cyaneus (Fabricius),(Fabricius),Sirex,,cyaneus,,species,,B201:1,accepted,,,B201:1:71,Sirex L.,,,,,Siricidae,,Sirex,,Symphyta | Siricoidea | Siricidae | Sirex,cyaneus (Fabricius),,1358463,,1358463
B201:1:78,Sirex juveneus (L.),(L.),Sirex,,juveneus,,species,,B201:1,accepted,,,B201:1:71,Sirex L.,,,,,Siricidae,,Sirex,,Symphyta | Siricoidea | Siricidae | Sirex,juveneus (L.),,4492193,,4492193
B201:1:79,Xeris Costa,Costa,,,,,genus,,B201:1,accepted,,,B201:1:60,Siricidae,,,,,Siricidae,,Xeris,,Symphyta | Siricoidea | Siricidae,Xeris Costa,,3259022,,3259022
B201:1:80,Xeris spectrum (L.),(L.),Xeris,,spectrum,,species,,B201:1,accepted,,,B201:1:79,Xeris Costa,,,,,Siricidae,,Xeris,,Symphyta | Siricoidea | Siricidae | Xeris,spectrum (L.),,5759839,,5759839
B201:1:81,Orussoidea,,,,,,superfamily,,B201:1,accepted,,,B201:1:1,Symphyta,,,,,,,,,Symphyta,Orussoidea,5FQ,,5FQ,
B201:1:82,Orussidae,,,,,,family,,B201:1,accepted,,,B201:1:81,Orussoidea,,,,,Orussidae,,,,Symphyta | Orussoidea,Orussidae,DQZ,6044,DQZ,6044
B201:1:83,Orussus Latreille,Latreille,,,,,genus,,B201:1,accepted,,,B201:1:82,Orussidae,,,,,Orussidae,,Orussus,,Symphyta | Orussoidea | Orussidae,Orussus Latreille,,3259201,,3259201
B201:1:84,Orussus abietinus (Scopoli),(Scopoli),Orussus,,abietinus,,species,,B201:1,accepted,,,B201:1:83,Orussus Latreille,,,,,Orussidae,,Orussus,,Symphyta | Orussoidea | Orussidae | Orussus,abietinus (Scopoli),,4489965,,4489965
B201:1:85,Cephoidea,,,,,,superfamily,,B201:1,accepted,,,B201:1:1,Symphyta,,,,,,,,,Symphyta,Cephoidea,4X2,,4X2,
B201:1:86,Cephidae,,,,,,family,,B201:1,accepted,,,B201:1:85,Cephoidea,,,,,Cephidae,,,,Symphyta | Cephoidea,Cephidae,622LS,4337,622LS,4337
B201:1:87,Cephinae,,,,,,subfamily,,B201:1,accepted,,,B201:1:86,Cephidae,,,,,Cephidae,Cephinae,,,Symphyta | Cephoidea | Cephidae,Cephinae,,,,
B201:1:88,Hartigiini,,,,,,tribe,,B201:1,accepted,,,B201:1:87,Cephinae,,,,,Cephidae,Cephinae,,,Symphyta | Cephoidea | Cephidae | Cephinae,Hartigiini,,,,
B201:1:89,Hartigia Schiödte,Schiödte,,,,,genus,,B201:1,accepted,,,B201:1:88,Hartigiini,,,,,Cephidae,Cephinae,Hartigia,,Symphyta | Cephoidea | Cephidae | Cephinae | Hartigiini,Hartigia Schiödte,BYTT9,7710880,BXVZJ,7710880
B201:1:90,Phylloecus E. Newman,E. Newman,,,,,genus,,B201:1,synonym,B201:1:89,Hartigia Schiödte,,,,,,,Cephidae,Cephinae,Phylloecus,,Symphyta | Cephoidea | Cephidae | Cephinae | Hartigiini,Phylloecus E. Newman,,4670796,,4670796
B201:1:91,Macrocephus Schlechtendal,Schlechtendal,,,,,genus,,B201:1,synonym,B201:1:89,Hartigia Schiödte,,,,,,,Cephidae,Cephinae,Macrocephus,,Symphyta | Cephoidea | Cephidae | Cephinae | Hartigiini,Macrocephus Schlechtendal,,4680695,,4670796
B201:1:92,Hartigia nigra (Harris),(Harris),Hartigia,,nigra,,species,,B201:1,accepted,,,B201:1:89,Hartigia Schiödte,,,,,Cephidae,Cephinae,Hartigia,,Symphyta | Cephoidea | Cephidae | Cephinae | Hartigiini | Hartigia,nigra (Harris),,6096930,,6096930
B201:1:93,Hartigia satyrus Panzer,Panzer,Hartigia,,satyrus,,species,,B201:1,synonym,B201:1:92,Hartigia nigra (Harris),,,,,,,Cephidae,Cephinae,Hartigia,,Symphyta | Cephoidea | Cephidae | Cephinae | Hartigiini | Hartigia,satyrus Panzer,,11349291,,9421986
B201:1:94,Hartigia xanthostoma Eversmann,Eversmann,Hartigia,,xanthostoma,,species,,B201:1,accepted,,,B201:1:89,Hartigia Schiödte,,,,,Cephidae,Cephinae,Hartigia,,Symphyta | Cephoidea | Cephidae | Cephinae | Hartigiini | Hartigia,xanthostoma Eversmann,,6096929,,6096929
B201:1:95,Hartigia linearis (Schrank),(Schrank),Hartigia,,linearis,,species,,B201:1,accepted,,,B201:1:89,Hartigia Schiödte,,,,,Cephidae,Cephinae,Hartigia,,Symphyta | Cephoidea | Cephidae | Cephinae | Hartigiini | Hartigia,linearis (Schrank),,6096928,,6096928
B201:1:96,Janus Stephens,Stephens,,,,,genus,,B201:1,accepted,,,B201:1:88,Hartigiini,,,,,Cephidae,Cephinae,Janus,,Symphyta | Cephoidea | Cephidae | Cephinae | Hartigiini,Janus Stephens,CB3V8,1334172,CB3V8,1334172
B201:1:97,Janus femoratus Curtis,Curtis,Janus,,femoratus,,species,,B201:1,accepted,,,B201:1:96,Janus Stephens,,,,,Cephidae,Cephinae,Janus,,Symphyta | Cephoidea | Cephidae | Cephinae | Hartigiini | Janus,femoratus Curtis,,5759846,,7721567
B201:1:98,Janus cynosbati F.,F.,Janus,,cynosbati,,species,nec L. in Morice,B201:1,synonym,B201:1:97,Janus femoratus Curtis,,,,,,,Cephidae,Cephinae,Janus,,Symphyta | Cephoidea | Cephidae | Cephinae | Hartigiini | Janus,cynosbati F. nec L. in Morice,,7721567,,7721567
B201:1:99,Janus luteipes (Lepeletier),(Lepeletier),Janus,,luteipes,,species,,B201:1,accepted,,,B201:1:96,Janus Stephens,,,,,Cephidae,Cephinae,Janus,,Symphyta | Cephoidea | Cephidae | Cephinae | Hartigiini | Janus,luteipes (Lepeletier),,5759844,,5759844
B201:1:100,Cephini,,,,,,tribe,,B201:1,accepted,,,B201:1:87,Cephinae,,,,,Cephidae,Cephinae,,,Symphyta | Cephoidea | Cephidae | Cephinae,Cephini,,,,
B201:1:101,Cephus Latreille,Latreille,,,,,genus,,B201:1,accepted,,,B201:1:100,Cephini,,,,,Cephidae,Cephinae,Cephus,,Symphyta | Cephoidea | Cephidae | Cephinae | Cephini,Cephus Latreille,C9BQM,1334167,C9BQM,1334167
B201:1:102,Cephus nigrinus Thomson,Thomson,Cephus,,nigrinus,,species,,B201:1,accepted,,,B201:1:101,Cephus Latreille,,,,,Cephidae,Cephinae,Cephus,,Symphyta | Cephoidea | Cephidae | Cephinae | Cephini | Cephus,nigrinus Thomson,,6096925,,6096925
B201:1:103,Cephus cultratus Eversmann,Eversmann,Cephus,,cultratus,,species,,B201:1,accepted,,,B201:1:101,Cephus Latreille,,,,,Cephidae,Cephinae,Cephus,,Symphyta | Cephoidea | Cephidae | Cephinae | Cephini | Cephus,cultratus Eversmann,,6096924,,6096923
B201:1:104,Cephus pusillus Stephens,Stephens,Cephus,,pusillus,,species,,B201:1,synonym,B201:1:103,Cephus cultratus Eversmann,,,,,,,Cephidae,Cephinae,Cephus,,Symphyta | Cephoidea | Cephidae | Cephinae | Cephini | Cephus,pusillus Stephens,,9255622,,6096923
B201:1:105,Cephus pilosulus Thomson,Thomson,Cephus,,pilosulus,,species,,B201:1,synonym,B201:1:103,Cephus cultratus Eversmann,,,,,,,Cephidae,Cephinae,Cephus,,Symphyta | Cephoidea | Cephidae | Cephinae | Cephini | Cephus,pilosulus Thomson,,8427320,,6096923
B201:1:106,Cephus pygmaeus (L.),(L.),Cephus,,pygmaeus,,species,,B201:1,accepted,,,B201:1:101,Cephus Latreille,,,,,Cephidae,Cephinae,Cephus,,Symphyta | Cephoidea | Cephidae | Cephinae | Cephini | Cephus,pygmaeus (L.),,7596780,,5868024
B201:1:107,Trachelus Jurine,Jurine,,,,,genus,,B201:1,accepted,,,B201:1:100,Cephini,,,,,Cephidae,Cephinae,Trachelus,,Symphyta | Cephoidea | Cephidae | Cephinae | Cephini,Trachelus Jurine,CPMBJ,1334170,CPMBJ,1334170
B201:1:108,Cephus Latreille,Latreille,,,,,genus,,B201:1,heterotypic synonym,B201:1:107,Trachelus Jurine,,,,,,,Cephidae,Cephinae,Cephus,,Symphyta | Cephoidea | Cephidae | Cephinae | Cephini,Cephus Latreille,C9BQM,1334167,C9BQM,1334167
B201:1:109,Astatus Panzer,Panzer,,,,,genus,,B201:1,synonym,B201:1:107,Trachelus Jurine,,,,,,,Cephidae,Cephinae,Astatus,,Symphyta | Cephoidea | Cephidae | Cephinae | Cephini,Astatus Panzer,349W,7235986,349K,1334170
B201:1:208,Trachelus troglodyta (Fabricius),(Fabricius),Trachelus,,troglodyta,,species,,B201:1,accepted,,,B201:1:107,Trachelus Jurine,,,,,Cephidae,Cephinae,Trachelus,,Symphyta | Cephoidea | Cephidae | Cephinae | Cephini | Trachelus,troglodyta (Fabricius),,7756316,,7756316
B201:1:209,Trachelus niger Cameron,Cameron,Trachelus,,niger,,species,,B201:1,synonym,B201:1:208,Trachelus troglodyta (Fabricius),,,,,,,Cephidae,Cephinae,Trachelus,,Symphyta | Cephoidea | Cephidae | Cephinae | Cephini | Trachelus,niger Cameron,,11310038,,7756316
B201:1:210,Trachelus tabidus (Fabricius),(Fabricius),Trachelus,,tabidus,,species,,B201:1,accepted,,,B201:1:107,Trachelus Jurine,,,,,Cephidae,Cephinae,Trachelus,,Symphyta | Cephoidea | Cephidae | Cephinae | Cephini | Trachelus,tabidus (Fabricius),,5759865,,5759865
B201:1:110,Calameuta Konow,Konow,,,,,genus,,B201:1,accepted,,,B201:1:100,Cephini,,,,,Cephidae,Cephinae,Calameuta,,Symphyta | Cephoidea | Cephidae | Cephinae | Cephini,Calameuta Konow,,4406679,,4406679
B201:1:111,Cephus Latreille,Latreille,,,,,genus,,B201:1,heterotypic synonym,B201:1:110,Calameuta Konow,,,,,,,Cephidae,Cephinae,Cephus,,Symphyta | Cephoidea | Cephidae | Cephinae | Cephini,Cephus Latreille,C9BQM,1334167,C9BQM,1334167
B201:1:112,Calameuta filiformis Eversmann,Eversmann,Calameuta,,filiformis,,species,,B201:1,accepted,,,B201:1:110,Calameuta Konow,,,,,Cephidae,Cephinae,Calameuta,,Symphyta | Cephoidea | Cephidae | Cephinae | Cephini | Calameuta,filiformis Eversmann,,4492444,,4492444
B201:1:113,Calameuta arundinis Giraud,Giraud,Calameuta,,arundinis,,species,,B201:1,synonym,B201:1:112,Calameuta filiformis Eversmann,,,,,,,Cephidae,Cephinae,Calameuta,,Symphyta | Cephoidea | Cephidae | Cephinae | Cephini | Calameuta,arundinis Giraud,,11345340,,4492444
B201:1:114,Calameuta pallipes (Klug),(Klug),Calameuta,,pallipes,,species,,B201:1,accepted,,,B201:1:110,Calameuta Konow,,,,,Cephidae,Cephinae,Calameuta,,Symphyta | Cephoidea | Cephidae | Cephinae | Cephini | Calameuta,pallipes (Klug),,4492446,,4492446
B201:1:115,Calameuta phthisicus F.,F.,Calameuta,,phthisicus,,species,,B201:1,synonym,B201:1:114,Calameuta pallipes (Klug),,,,,,,Cephidae,Cephinae,Calameuta,,Symphyta | Cephoidea | Cephidae | Cephinae | Cephini | Calameuta,phthisicus F.,,11317800,,4492446
B201:1:116,Tenthredinoidea,,,,,,superfamily,,B201:1,accepted,,,B201:1:1,Symphyta,,,,,,,,,Symphyta,Tenthredinoidea,5QG,,5QG,
B201:1:117,Argidae,,,,,,family,,B201:1,accepted,,,B201:1:116,Tenthredinoidea,,,,,Argidae,,,,Symphyta | Tenthredinoidea,Argidae,6PR,7902,6PR,7902
B201:1:118,Sterictophorinae,,,,,,subfamily,,B201:1,accepted,,,B201:1:117,Argidae,,,,,Argidae,Sterictophorinae,,,Symphyta | Tenthredinoidea | Argidae,Sterictophorinae,,,,
B201:1:119,Aprosthema Konow,Konow,,,,,genus,,B201:1,accepted,,,B201:1:118,Sterictophorinae,,,,,Argidae,Sterictophorinae,Aprosthema,,Symphyta | Tenthredinoidea | Argidae | Sterictophorinae,Aprosthema Konow,,9034016,,9034016
B201:1:120,Aprosthema melanura (Klug),(Klug),Aprosthema,,melanura,,species,,B201:1,accepted,,,B201:1:119,Aprosthema Konow,,,,,Argidae,Sterictophorinae,Aprosthema,,Symphyta | Tenthredinoidea | Argidae | Sterictophorinae | Aprosthema,melanura (Klug),,4490054,,4490054
B201:1:121,Sterictophora Billberg,Billberg,,,,,genus,,B201:1,accepted,,,B201:1:118,Sterictophorinae,,,,,Argidae,Sterictophorinae,Sterictophora,,Symphyta | Tenthredinoidea | Argidae | Sterictophorinae,Sterictophora Billberg,CMXZ6,3258560,CMY87,3258560
B201:1:122,Schizocera Lepeletier,Lepeletier,,,,,genus,,B201:1,synonym,B201:1:121,Sterictophora Billberg,,,,,,,Argidae,Sterictophorinae,Schizocera,,Symphyta | Tenthredinoidea | Argidae | Sterictophorinae,Schizocera Lepeletier,,11289014,,4406960
B201:1:123,Sterictophora furcata (Villers),(Villers),Sterictophora,,furcata,,species,,B201:1,accepted,,,B201:1:121,Sterictophora Billberg,,,,,Argidae,Sterictophorinae,Sterictophora,,Symphyta | Tenthredinoidea | Argidae | Sterictophorinae | Sterictophora,furcata (Villers),,10817103,,4489996
B201:1:124,Sterictophora geminata (Gmelin),(Gmelin),Sterictophora,,geminata,,species,,B201:1,accepted,,,B201:1:121,Sterictophora Billberg,,,,,Argidae,Sterictophorinae,Sterictophora,,Symphyta | Tenthredinoidea | Argidae | Sterictophorinae | Sterictophora,geminata (Gmelin),,4489999,,4489999
B201:1:125,Arginae,,,,,,subfamily,,B201:1,accepted,,,B201:1:117,Argidae,,,,,Argidae,Arginae,,,Symphyta | Tenthredinoidea | Argidae,Arginae,,,,
B201:1:126,Arge Schrank,Schrank,,,,,genus,,B201:1,accepted,,,B201:1:125,Arginae,,,,,Argidae,Arginae,Arge,,Symphyta | Tenthredinoidea | Argidae | Arginae,Arge Schrank,C8WGN,1249713,C8WGN,1249713
B201:1:127,Hylotoma Latreille,Latreille,,,,,genus,,B201:1,synonym,B201:1:126,Arge Schrank,,,,,,,Argidae,Arginae,Hylotoma,,Symphyta | Tenthredinoidea | Argidae | Arginae,Hylotoma Latreille,,4680736,,1249713
B201:1:128,Arge ochropus (Gmelin),(Gmelin),Arge,,ochropus,,species,,B201:1,accepted,,,B201:1:126,Arge Schrank,,,,,Argidae,Arginae,Arge,,Symphyta | Tenthredinoidea | Argidae | Arginae | Arge,ochropus (Gmelin),,6096911,,6096911
B201:1:129,Arge rosae (L.),(L.),Arge,,rosae,,species,auctt.,B201:1,synonym,B201:1:128,Arge ochropus (Gmelin),,,,,,,Argidae,Arginae,Arge,,Symphyta | Tenthredinoidea | Argidae | Arginae | Arge,rosae (L.) auctt.,,10041622,,6096911
B201:1:130,Arge pagana,,Arge,,pagana,,species,,B201:1,accepted,,,B201:1:126,Arge Schrank,,,,,Argidae,Arginae,Arge,,Symphyta | Tenthredinoidea | Argidae | Arginae | Arge,pagana,,6096917,,6096917
B201:1:131,Arge pagana subsp. pagana (Panzer),(Panzer),Arge,,pagana,pagana,subspecies,,B201:1,accepted,,,B201:1:130,Arge pagana,,,,,Argidae,Arginae,Arge,,Symphyta | Tenthredinoidea | Argidae | Arginae | Arge | Arge pagana,pagana pagana (Panzer),,9051199,,9051199
B201:1:132,Arge pagana subsp. stephensii (Leach),(Leach),Arge,,pagana,stephensii,subspecies,,B201:1,accepted,,,B201:1:130,Arge pagana,,,,,Argidae,Arginae,Arge,,Symphyta | Tenthredinoidea | Argidae | Arginae | Arge | Arge pagana,pagana stephensii (Leach),,8761271,,8761271
B201:1:133,Arge cyanocrocea (Förster),(Förster),Arge,,cyanocrocea,,species,,B201:1,accepted,,,B201:1:126,Arge Schrank,,,,,Argidae,Arginae,Arge,,Symphyta | Tenthredinoidea | Argidae | Arginae | Arge,cyanocrocea (Förster),,5868173,,5868173
B201:1:134,Arge melanochroa (Gmelin),(Gmelin),Arge,,melanochroa,,species,,B201:1,accepted,,,B201:1:126,Arge Schrank,,,,,Argidae,Arginae,Arge,,Symphyta | Tenthredinoidea | Argidae | Arginae | Arge,melanochroa (Gmelin),,7881560,,7881560
B201:1:135,Arge gracilicornis (Klug),(Klug),Arge,,gracilicornis,,species,,B201:1,accepted,,,B201:1:126,Arge Schrank,,,,,Argidae,Arginae,Arge,,Symphyta | Tenthredinoidea | Argidae | Arginae | Arge,gracilicornis (Klug),,6096915,,6096915
B201:1:136,Arge coerulescens Geoffroy,Geoffroy,Arge,,coerulescens,,species,nec Fabricius,B201:1,synonym,B201:1:135,Arge gracilicornis (Klug),,,,,,,Argidae,Arginae,Arge,,Symphyta | Tenthredinoidea | Argidae | Arginae | Arge,coerulescens Geoffroy nec Fabricius,,10271694,,6096915
B201:1:137,Arge enodis (L.),(L.),Arge,,enodis,,species,,B201:1,accepted,,,B201:1:126,Arge Schrank,,,,,Argidae,Arginae,Arge,,Symphyta | Tenthredinoidea | Argidae | Arginae | Arge,enodis (L.),,6096919,,6096919
B201:1:138,Arge coeruleipennis Retz.,Retz.,Arge,,coeruleipennis,,species,,B201:1,synonym,B201:1:137,Arge enodis (L.),,,,,,,Argidae,Arginae,Arge,,Symphyta | Tenthredinoidea | Argidae | Arginae | Arge,coeruleipennis Retz.,,9373202,,6096919
B201:1:139,Arge nigripes (Retzius),(Retzius),Arge,,nigripes,,species,,B201:1,accepted,,,B201:1:126,Arge Schrank,,,,,Argidae,Arginae,Arge,,Symphyta | Tenthredinoidea | Argidae | Arginae | Arge,nigripes (Retzius),,5868175,,5868175
B201:1:140,Arge enodis L.,L.,Arge,,enodis,,species,auctt. nec L.,B201:1,synonym,B201:1:139,Arge nigripes (Retzius),,,,,,,Argidae,Arginae,Arge,,Symphyta | Tenthredinoidea | Argidae | Arginae | Arge,enodis L. auctt. nec L.,,6096919,,6096919
B201:1:141,Arge rustica (L.),(L.),Arge,,rustica,,species,,B201:1,accepted,,,B201:1:126,Arge Schrank,,,,,Argidae,Arginae,Arge,,Symphyta | Tenthredinoidea | Argidae | Arginae | Arge,rustica (L.),,6096912,,6096912
B201:1:142,Arge atrata Förster,Förster,Arge,,atrata,,species,,B201:1,synonym,B201:1:141,Arge rustica (L.),,,,,,,Argidae,Arginae,Arge,,Symphyta | Tenthredinoidea | Argidae | Arginae | Arge,atrata Förster,,9601904,,6096912
B201:1:143,Arge ciliaris (L.),(L.),Arge,,ciliaris,,species,,B201:1,accepted,,,B201:1:126,Arge Schrank,,,,,Argidae,Arginae,Arge,,Symphyta | Tenthredinoidea | Argidae | Arginae | Arge,ciliaris (L.),,6096913,,6096913
B201:1:144,Arge ustulata (L.),(L.),Arge,,ustulata,,species,,B201:1,accepted,,,B201:1:126,Arge Schrank,,,,,Argidae,Arginae,Arge,,Symphyta | Tenthredinoidea | Argidae | Arginae | Arge,ustulata (L.),,6096918,,6096918
B201:1:145,Arge metallica (Klug),(Klug),Arge,,metallica,,species,,B201:1,accepted,,,B201:1:126,Arge Schrank,,,,,Argidae,Arginae,Arge,,Symphyta | Tenthredinoidea | Argidae | Arginae | Arge,metallica (Klug),,6096916,,6096916
B201:1:146,Arge fuscipes,,Arge,,fuscipes,,species,,B201:1,accepted,,,B201:1:126,Arge Schrank,,,,,Argidae,Arginae,Arge,,Symphyta | Tenthredinoidea | Argidae | Arginae | Arge,fuscipes,,6096908,,6096908
B201:1:147,Arge fuscipes subsp. fuscipes (Fallén),(Fallén),Arge,,fuscipes,fuscipes,subspecies,,B201:1,accepted,,,B201:1:146,Arge fuscipes,,,,,Argidae,Arginae,Arge,,Symphyta | Tenthredinoidea | Argidae | Arginae | Arge | Arge fuscipes,fuscipes fuscipes (Fallén),,,,
B201:1:148,Arge fuscipes subsp. expansa (Klug),(Klug),Arge,,fuscipes,expansa,subspecies,,B201:1,accepted,,,B201:1:146,Arge fuscipes,,,,,Argidae,Arginae,Arge,,Symphyta | Tenthredinoidea | Argidae | Arginae | Arge | Arge fuscipes,fuscipes expansa (Klug),,9006509,,7582735
B201:1:149,Blasticotomidae,,,,,,family,,B201:1,accepted,,,B201:1:116,Tenthredinoidea,,,,,Blasticotomidae,,,,Symphyta | Tenthredinoidea,Blasticotomidae,78M,4298197,78M,4298197
B201:1:150,Blasticotoma Klug,Klug,,,,,genus,,B201:1,accepted,,,B201:1:149,Blasticotomidae,,,,,Blasticotomidae,,Blasticotoma,,Symphyta | Tenthredinoidea | Blasticotomidae,Blasticotoma Klug,,4408209,,4408209
B201:1:151,Blasticotoma filiceti Klug,Klug,Blasticotoma,,filiceti,,species,,B201:1,accepted,,,B201:1:150,Blasticotoma Klug,,,,,Blasticotomidae,,Blasticotoma,,Symphyta | Tenthredinoidea | Blasticotomidae | Blasticotoma,filiceti Klug,,4492147,,4492147
B201:1:152,Cimbicidae,,,,,,family,,B201:1,accepted,,,B201:1:116,Tenthredinoidea,,,,,Cimbicidae,,,,Symphyta | Tenthredinoidea,Cimbicidae,892,7904,892,7904
B201:1:153,Abiinae,,,,,,subfamily,,B201:1,accepted,,,B201:1:152,Cimbicidae,,,,,Cimbicidae,Abiinae,,,Symphyta | Tenthredinoidea | Cimbicidae,Abiinae,,,,
B201:1:154,Zaraeini,,,,,,tribe,,B201:1,accepted,,,B201:1:153,Abiinae,,,,,Cimbicidae,Abiinae,,,Symphyta | Tenthredinoidea | Cimbicidae | Abiinae,Zaraeini,,,,
B201:1:155,Zaraea Leach,Leach,,,,,genus,,B201:1,accepted,,,B201:1:154,Zaraeini,,,,,Cimbicidae,Abiinae,Zaraea,,Symphyta | Tenthredinoidea | Cimbicidae | Abiinae | Zaraeini,Zaraea Leach,CCFHC,1249711,CCFHC,1249711
B201:1:156,Abia Leach,Leach,,,,,genus,,B201:1,heterotypic synonym,B201:1:155,Zaraea Leach,,,,,,,Cimbicidae,Abiinae,Abia,,Symphyta | Tenthredinoidea | Cimbicidae | Abiinae | Zaraeini,Abia Leach,,3259207,,3259207
B201:1:157,Zaraea fasciata (L.),(L.),Zaraea,,fasciata,,species,,B201:1,accepted,,,B201:1:155,Zaraea Leach,,,,,Cimbicidae,Abiinae,Zaraea,,Symphyta | Tenthredinoidea | Cimbicidae | Abiinae | Zaraeini | Zaraea,fasciata (L.),,6097197,,5759491
B201:1:158,Zaraea lonicerae (L.),(L.),Zaraea,,lonicerae,,species,nec lonicerae L. Enslin,B201:1,accepted,,,B201:1:155,Zaraea Leach,,,,,Cimbicidae,Abiinae,Zaraea,,Symphyta | Tenthredinoidea | Cimbicidae | Abiinae | Zaraeini | Zaraea,lonicerae (L.) nec lonicerae L. Enslin,,11409790,,5759485
B201:1:159,Zaraea nigricornis Leach,Leach,Zaraea,,nigricornis,,species,,B201:1,synonym,B201:1:158,Zaraea lonicerae (L.),,,,,,,Cimbicidae,Abiinae,Zaraea,,Symphyta | Tenthredinoidea | Cimbicidae | Abiinae | Zaraeini | Zaraea,nigricornis Leach,,11246920,,5759485
B201:1:160,Zaraea aenea Klug,Klug,Zaraea,,aenea,,species,,B201:1,accepted,,,B201:1:155,Zaraea Leach,,,,,Cimbicidae,Abiinae,Zaraea,,Symphyta | Tenthredinoidea | Cimbicidae | Abiinae | Zaraeini | Zaraea,aenea Klug,,11305789,,8305113
B201:1:161,Zaraea lonicerae L. Enslin,L. Enslin,Zaraea,,lonicerae,,species,nec L.,B201:1,synonym,B201:1:160,Zaraea aenea Klug,,,,,,,Cimbicidae,Abiinae,Zaraea,,Symphyta | Tenthredinoidea | Cimbicidae | Abiinae | Zaraeini | Zaraea,lonicerae L. Enslin nec L.,,11409790,,5759485
B201:1:162,Abiini,,,,,,tribe,,B201:1,accepted,,,B201:1:153,Abiinae,,,,,Cimbicidae,Abiinae,,,Symphyta | Tenthredinoidea | Cimbicidae | Abiinae,Abiini,,,,
B201:1:163,Abia Leach,Leach,,,,,genus,,B201:1,accepted,,,B201:1:162,Abiini,,,,,Cimbicidae,Abiinae,Abia,,Symphyta | Tenthredinoidea | Cimbicidae | Abiinae | Abiini,Abia Leach,,3259207,,3259207
B201:1:164,Abia sericea (L.),(L.),Abia,,sericea,,species,,B201:1,accepted,,,B201:1:163,Abia Leach,,,,,Cimbicidae,Abiinae,Abia,,Symphyta | Tenthredinoidea | Cimbicidae | Abiinae | Abiini | Abia,sericea L.,,5759492,,5759492
B201:1:165,Abia candens Konow,Konow,Abia,,candens,,species,,B201:1,accepted,,,B201:1:163,Abia Leach,,,,,Cimbicidae,Abiinae,Abia,,Symphyta | Tenthredinoidea | Cimbicidae | Abiinae | Abiini | Abia,candens Konow,,5759487,,5759487
B201:1:166,Cimbicinae,,,,,,subfamily,,B201:1,accepted,,,B201:1:152,Cimbicidae,,,,,Cimbicidae,Cimbicinae,,,Symphyta | Tenthredinoidea | Cimbicidae,Cimbicinae,,,,
B201:1:167,Cimbicini,,,,,,tribe,,B201:1,accepted,,,B201:1:166,Cimbicinae,,,,,Cimbicidae,Cimbicinae,,,Symphyta | Tenthredinoidea | Cimbicidae | Cimbicinae,Cimbicini,,,,
B201:1:168,Cimbex Olivier,Olivier,,,,,genus,,B201:1,accepted,,,B201:1:167,Cimbicini,,,,,Cimbicidae,Cimbicinae,Cimbex,,Symphyta | Tenthredinoidea | Cimbicidae | Cimbicinae | Cimbicini,Cimbex Olivier,C9DR5,1249709,C9DR5,1249709
B201:1:169,Cimbex femorata (L.),(L.),Cimbex,,femorata,,species,,B201:1,accepted,,,B201:1:168,Cimbex Olivier,,,,,Cimbicidae,Cimbicinae,Cimbex,,Symphyta | Tenthredinoidea | Cimbicidae | Cimbicinae | Cimbicini | Cimbex,femorata (L.),,4490132,,4490132
B201:1:170,Cimbex sylvarum Fabricius,Fabricius,Cimbex,,sylvarum,,species,,B201:1,synonym,B201:1:169,Cimbex femorata (L.),,,,,,,Cimbicidae,Cimbicinae,Cimbex,,Symphyta | Tenthredinoidea | Cimbicidae | Cimbicinae | Cimbicini | Cimbex,sylvarum Fabricius,,,,
B201:1:171,Cimbex lutea (L.),(L.),Cimbex,,lutea,,species,,B201:1,accepted,,,B201:1:168,Cimbex Olivier,,,,,Cimbicidae,Cimbicinae,Cimbex,,Symphyta | Tenthredinoidea | Cimbicidae | Cimbicinae | Cimbicini | Cimbex,lutea (L.),,4490138,,4490138
B201:1:172,Cimbex connata (Schrank),(Schrank),Cimbex,,connata,,species,,B201:1,accepted,,,B201:1:168,Cimbex Olivier,,,,,Cimbicidae,Cimbicinae,Cimbex,,Symphyta | Tenthredinoidea | Cimbicidae | Cimbicinae | Cimbicini | Cimbex,connata (Schrank),,4490140,,4490140
B201:1:173,Trichiosomini,,,,,,tribe,,B201:1,accepted,,,B201:1:166,Cimbicinae,,,,,Cimbicidae,Cimbicinae,,,Symphyta | Tenthredinoidea | Cimbicidae | Cimbicinae,Trichiosomini,,,,
B201:1:174,Trichiosoma Leach,Leach,,,,,genus,,B201:1,accepted,,,B201:1:173,Trichiosomini,,,,,Cimbicidae,Cimbicinae,Trichiosoma,,Symphyta | Tenthredinoidea | Cimbicidae | Cimbicinae | Trichiosomini,Trichiosoma Leach,,3259206,,3259206
B201:1:175,Trichiosoma sorbi Hartig,Hartig,Trichiosoma,,sorbi,,species,,B201:1,accepted,,,B201:1:174,Trichiosoma Leach,,,,,Cimbicidae,Cimbicinae,Trichiosoma,,Symphyta | Tenthredinoidea | Cimbicidae | Cimbicinae | Trichiosomini | Trichiosoma,sorbi Hartig,,5759449,,5759449
B201:1:176,Trichiosoma scalesii Leach in Cameron,Leach in Cameron,Trichiosoma,,scalesii,,species,nec Leach,B201:1,synonym,B201:1:175,Trichiosoma sorbi Hartig,,,,,,,Cimbicidae,Cimbicinae,Trichiosoma,,Symphyta | Tenthredinoidea | Cimbicidae | Cimbicinae | Trichiosomini | Trichiosoma,scalesii Leach in Cameron nec Leach,,7741191,,7741191
B201:1:177,Trichiosoma tibiale Stephens,Stephens,Trichiosoma,,tibiale,,species,,B201:1,accepted,,,B201:1:174,Trichiosoma Leach,,,,,Cimbicidae,Cimbicinae,Trichiosoma,,Symphyta | Tenthredinoidea | Cimbicidae | Cimbicinae | Trichiosomini | Trichiosoma,tibiale Stephens,,5759443,,5759443
B201:1:178,Trichiosoma betuleti Klug in Cameron,Klug in Cameron,Trichiosoma,,betuleti,,species,nec Klug,B201:1,synonym,B201:1:177,Trichiosoma tibiale Stephens,,,,,,,Cimbicidae,Cimbicinae,Trichiosoma,,Symphyta | Tenthredinoidea | Cimbicidae | Cimbicinae | Trichiosomini | Trichiosoma,betuleti Klug in Cameron nec Klug,,9300902,,7741191
B201:1:179,Trichiosoma vitellinae (L.),(L.),Trichiosoma,,vitellinae,,species,,B201:1,accepted,,,B201:1:174,Trichiosoma Leach,,,,,Cimbicidae,Cimbicinae,Trichiosoma,,Symphyta | Tenthredinoidea | Cimbicidae | Cimbicinae | Trichiosomini | Trichiosoma,vitellinae (L.),,8674755,,8674755
B201:1:180,Trichiosoma laterale Leach,Leach,Trichiosoma,,laterale,,species,,B201:1,synonym,B201:1:179,Trichiosoma vitellinae (L.),,,,,,,Cimbicidae,Cimbicinae,Trichiosoma,,Symphyta | Tenthredinoidea | Cimbicidae | Cimbicinae | Trichiosomini | Trichiosoma,laterale Leach,,7362550,,7362550
B201:1:181,Trichiosoma lucorum (L.),(L.),Trichiosoma,,lucorum,,species,,B201:1,accepted,,,B201:1:174,Trichiosoma Leach,,,,,Cimbicidae,Cimbicinae,Trichiosoma,,Symphyta | Tenthredinoidea | Cimbicidae | Cimbicinae | Trichiosomini | Trichiosoma,lucorum (L.),,5759445,,5759445
B201:1:182,Trichiosoma latreillei Leach,Leach,Trichiosoma,,latreillei,,species,,B201:1,accepted,,,B201:1:174,Trichiosoma Leach,,,,,Cimbicidae,Cimbicinae,Trichiosoma,,Symphyta | Tenthredinoidea | Cimbicidae | Cimbicinae | Trichiosomini | Trichiosoma,latreillei Leach,,5759463,,5759463
B201:1:183,Trichiosoma scalesii Leach,Leach,Trichiosoma,,scalesii,,species,,B201:1,synonym,B201:1:182,Trichiosoma latreillei Leach,,,,,,,Cimbicidae,Cimbicinae,Trichiosoma,,Symphyta | Tenthredinoidea | Cimbicidae | Cimbicinae | Trichiosomini | Trichiosoma,scalesii Leach,,7741191,,7741191
B201:1:184,Trichiosoma lucorum L. in Cameron,L. in Cameron,Trichiosoma,,lucorum,,species,nec L.,B201:1,heterotypic synonym,B201:1:182,Trichiosoma latreillei Leach,,,,,,,Cimbicidae,Cimbicinae,Trichiosoma,,Symphyta | Tenthredinoidea | Cimbicidae | Cimbicinae | Trichiosomini | Trichiosoma,lucorum L. in Cameron nec L.,,5759445,,5759445
B201:1:185,Diprionidae,,,,,,family,,B201:1,accepted,,,B201:1:116,Tenthredinoidea,,,,,Diprionidae,,,,Symphyta | Tenthredinoidea,Diprionidae,9CF,7907,9CF,7907
B201:1:186,Monocteninae,,,,,,subfamily,,B201:1,accepted,,,B201:1:185,Diprionidae,,,,,Diprionidae,Monocteninae,,,Symphyta | Tenthredinoidea | Diprionidae,Monocteninae,,,,
B201:1:187,Monoctenus Dahlbom,Dahlbom,,,,,genus,,B201:1,accepted,,,B201:1:186,Monocteninae,,,,,Diprionidae,Monocteninae,Monoctenus,,Symphyta | Tenthredinoidea | Diprionidae | Monocteninae,Monoctenus Dahlbom,,4407838,,4407838
B201:1:188,Monoctenus juniperi (L.),(L.),Monoctenus,,juniperi,,species,,B201:1,accepted,,,B201:1:187,Monoctenus Dahlbom,,,,,Diprionidae,Monocteninae,Monoctenus,,Symphyta | Tenthredinoidea | Diprionidae | Monocteninae | Monoctenus,juniperi (L.),,4492186,,4492186
B201:1:189,Diprioninae,,,,,,subfamily,,B201:1,accepted,,,B201:1:185,Diprionidae,,,,,Diprionidae,Diprioninae,,,Symphyta | Tenthredinoidea | Diprionidae,Diprioninae,,,,
B201:1:190,Lophyrus,,,,,,subfamily,auctt.,B201:1,synonym,B201:1:189,Diprioninae,,,,,,,Diprionidae,Lophyrus,,,Symphyta | Tenthredinoidea | Diprionidae,Lophyrus auctt.,,,,
B201:1:191,Microdiprion Enslin,Enslin,,,,,genus,,B201:1,accepted,,,B201:1:189,Diprioninae,,,,,Diprionidae,Diprioninae,Microdiprion,,Symphyta | Tenthredinoidea | Diprionidae | Diprioninae,Microdiprion Enslin,,4492171,,4492171
B201:1:192,Microdiprion pallipes (Fallén),(Fallén),Microdiprion,,pallipes,,species,,B201:1,accepted,,,B201:1:191,Microdiprion Enslin,,,,,Diprionidae,Diprioninae,Microdiprion,,Symphyta | Tenthredinoidea | Diprionidae | Diprioninae | Microdiprion,pallipes (Fallén),,4492174,,4492174
B201:1:193,Neodiprion Rohwer,Rohwer,,,,,genus,,B201:1,accepted,,,B201:1:189,Diprioninae,,,,,Diprionidae,Diprioninae,Neodiprion,,Symphyta | Tenthredinoidea | Diprionidae | Diprioninae,Neodiprion Rohwer,CBCDJ,1249720,CBCDJ,1249720
B201:1:194,Neodiprion sertifer (Geoffroy),(Geoffroy),Neodiprion,,sertifer,,species,,B201:1,accepted,,,B201:1:193,Neodiprion Rohwer,,,,,Diprionidae,Diprioninae,Neodiprion,,Symphyta | Tenthredinoidea | Diprionidae | Diprioninae | Neodiprion,sertifer (Geoffroy),,1249729,,1249729
B201:1:195,Neodiprion rufus Latreille,Latreille,Neodiprion,,rufus,,species,,B201:1,synonym,B201:1:194,Neodiprion sertifer (Geoffroy),,,,,,,Diprionidae,Diprioninae,Neodiprion,,Symphyta | Tenthredinoidea | Diprionidae | Diprioninae | Neodiprion,rufus Latreille,,,,
B201:1:196,Diprion Schrank,Schrank,,,,,genus,,B201:1,accepted,,,B201:1:189,Diprioninae,,,,,Diprionidae,Diprioninae,Diprion,,Symphyta | Tenthredinoidea | Diprionidae | Diprioninae,Diprion Schrank,C9JXF,1249741,C9JXF,1249741
B201:1:197,Diprion pini (L.),(L.),Diprion,,pini,,species,,B201:1,accepted,,,B201:1:196,Diprion Schrank,,,,,Diprionidae,Diprioninae,Diprion,,Symphyta | Tenthredinoidea | Diprionidae | Diprioninae | Diprion,pini (L.),,5868180,,5868180
B201:1:198,Diprion simile (Hartig),(Hartig),Diprion,,simile,,species,,B201:1,accepted,,,B201:1:196,Diprion Schrank,,,,,Diprionidae,Diprioninae,Diprion,,Symphyta | Tenthredinoidea | Diprionidae | Diprioninae | Diprion,simile (Hartig),,9303608,,5023193
B201:1:199,Gilpinia Benson,Benson,,,,,genus,,B201:1,accepted,,,B201:1:189,Diprioninae,,,,,Diprionidae,Diprioninae,Gilpinia,,Symphyta | Tenthredinoidea | Diprionidae | Diprioninae,Gilpinia Benson,C9VZ7,1249739,C9VZ7,1249739
B201:1:200,Gilpinia frutetorum (F.),(F.),Gilpinia,,frutetorum,,species,,B201:1,accepted,,,B201:1:199,Gilpinia Benson,,,,,Diprionidae,Diprioninae,Gilpinia,,Symphyta | Tenthredinoidea | Diprionidae | Diprioninae | Gilpinia,frutetorum (F.),,4492150,,4492150
B201:1:201,Gilpinia variegatus Hartig,Hartig,Gilpinia,,variegatus,,species,,B201:1,synonym,B201:1:200,Gilpinia frutetorum (F.),,,,,,,Diprionidae,Diprioninae,Gilpinia,,Symphyta | Tenthredinoidea | Diprionidae | Diprioninae | Gilpinia,variegatus Hartig,,4492154,,4492154
B201:1:202,Gilpinia pallida (Klug),(Klug),Gilpinia,,pallida,,species,,B201:1,accepted,,,B201:1:199,Gilpinia Benson,,,,,Diprionidae,Diprioninae,Gilpinia,,Symphyta | Tenthredinoidea | Diprionidae | Diprioninae | Gilpinia,pallida (Klug),,4492152,,4492152
B201:1:203,Gilpinia virens Klug in Cameron,Klug in Cameron,Gilpinia,,virens,,species,,B201:1,synonym,B201:1:202,Gilpinia pallida (Klug),,,,,,,Diprionidae,Diprioninae,Gilpinia,,Symphyta | Tenthredinoidea | Diprionidae | Diprioninae | Gilpinia,virens Klug in Cameron,,4492160,,4492160
B201:1:204,Gilpinia dorsatus Fab. in Cameron,Fab. in Cameron,Gilpinia,,dorsatus,,species,,B201:1,synonym,B201:1:202,Gilpinia pallida (Klug),,,,,,,Diprionidae,Diprioninae,Gilpinia,,Symphyta | Tenthredinoidea | Diprionidae | Diprioninae | Gilpinia,dorsatus Fab. in Cameron,,,,
B201:1:205,Gilpinia virens (Klug),(Klug),Gilpinia,,virens,,species,,B201:1,accepted,,,B201:1:199,Gilpinia Benson,,,,,Diprionidae,Diprioninae,Gilpinia,,Symphyta | Tenthredinoidea | Diprionidae | Diprioninae | Gilpinia,virens (Klug),,4492160,,4492160
B201:1:206,Gilpinia hercyniae (Hartig),(Hartig),Gilpinia,,hercyniae,,species,,B201:1,accepted,,,B201:1:199,Gilpinia Benson,,,,,Diprionidae,Diprioninae,Gilpinia,,Symphyta | Tenthredinoidea | Diprionidae | Diprioninae | Gilpinia,hercyniae (Hartig),,1249740,,1249740
B201:1:207,Tenthredinidae,,,,,,family,,B201:1,accepted,,,B201:1:116,Tenthredinoidea,,,,,Tenthredinidae,,,,Symphyta | Tenthredinoidea,Tenthredinidae,GZJ,7918,GZJ,7918