scientificNameID,scientificName,scientificNameAuthorship,genericName,intragenericEpithet,specificEpithet,intraspecificEpithet,taxonRank,taxonRemarks,collectionCode,taxonomicStatus,acceptedNameUsageID,acceptedNameUsage,parentNameUsageID,parentNameUsage,kingdom,phylum,class,order,family,subfamily,genus,subgenus,higherClassification,colTaxonID,gbifTaxonID
B204:1:1,Nematinae,,,,,,subfamily,,B204:1,accepted,,,,,,,,,,Nematinae,,,,,
B204:1:2,Cladiini,,,,,,tribe,,B204:1,accepted,,,B204:1:1,Nematinae,,,,,,Nematinae,,,Nematinae,,
B204:1:3,Cladius Rossi,Rossi,,,,,genus,,B204:1,accepted,,,B204:1:2,Cladiini,,,,,,Nematinae,Cladius,,Nematinae | Cladiini,3QCH,1249694
B204:1:4,Cladius pectinicornis (L.),(L.),Cladius,,pectinicornis,,species,,B204:1,accepted,,,B204:1:3,Cladius Rossi,,,,,,Nematinae,Cladius,,Nematinae | Cladiini | Cladius,,4491460
B204:1:5,Cladius difformis (Panzer),(Panzer),Cladius,,difformis,,species,,B204:1,accepted,,,B204:1:3,Cladius Rossi,,,,,,Nematinae,Cladius,,Nematinae | Cladiini | Cladius,,1249695
B204:1:6,Priophorus Dahlbom,Dahlbom,,,,,genus,,B204:1,accepted,,,B204:1:2,Cladiini,,,,,,Nematinae,Priophorus,,Nematinae | Cladiini,63Q46,5023186
B204:1:7,Priophorus brullei Dahlbom,Dahlbom,Priophorus,,brullei,,species,,B204:1,accepted,,,B204:1:6,Priophorus Dahlbom,,,,,,Nematinae,Priophorus,,Nematinae | Cladiini | Priophorus,,5759675
B204:1:8,Priophorus tener Hartig,Hartig,Priophorus,,tener,,species,,B204:1,synonym,B204:1:7,Priophorus brullei Dahlbom,,,,,,,,Nematinae,Priophorus,,Nematinae | Cladiini | Priophorus,,6097049
B204:1:9,Priophorus pallipes (Lepeletier),(Lepeletier),Priophorus,,pallipes,,species,,B204:1,accepted,,,B204:1:6,Priophorus Dahlbom,,,,,,Nematinae,Priophorus,,Nematinae | Cladiini | Priophorus,,11077277
B204:1:10,Priophorus padi L.,L.,Priophorus,,padi,,species,auctt. nec L.,B204:1,synonym,B204:1:9,Priophorus pallipes (Lepeletier),,,,,,,,Nematinae,Priophorus,,Nematinae | Cladiini | Priophorus,,6097048
B204:1:11,Priophorus pilicornis (Curtis),(Curtis),Priophorus,,pilicornis,,species,,B204:1,accepted,,,B204:1:6,Priophorus Dahlbom,,,,,,Nematinae,Priophorus,,Nematinae | Cladiini | Priophorus,,9520174
B204:1:12,Priophorus drewseni Thomson,Thomson,Priophorus,,drewseni,,species,,B204:1,synonym,B204:1:11,Priophorus pilicornis (Curtis),,,,,,,,Nematinae,Priophorus,,Nematinae | Cladiini | Priophorus,63Q46,5023186
B204:1:13,Priophorus ulmi (L.),(L.),Priophorus,,ulmi,,species,,B204:1,accepted,,,B204:1:6,Priophorus Dahlbom,,,,,,Nematinae,Priophorus,,Nematinae | Cladiini | Priophorus,,9421314
B204:1:14,Priophorus rufipes Lepeletier,Lepeletier,Priophorus,,rufipes,,species,,B204:1,synonym,B204:1:13,Priophorus ulmi (L.),,,,,,,,Nematinae,Priophorus,,Nematinae | Cladiini | Priophorus,,6097051
B204:1:15,Priophorus laevifrons Benson,Benson,Priophorus,,laevifrons,,species,,B204:1,accepted,,,B204:1:6,Priophorus Dahlbom,,,,,,Nematinae,Priophorus,,Nematinae | Cladiini | Priophorus,,5759678
B204:1:16,Trichiocampus Hartig,Hartig,,,,,genus,,B204:1,accepted,,,B204:1:2,Cladiini,,,,,,Nematinae,Trichiocampus,,Nematinae | Cladiini,,4681441
B204:1:17,Trichiocampus viminalis (L.),(L.),Trichiocampus,,viminalis,,species,,B204:1,accepted,,,B204:1:16,Trichiocampus Hartig,,,,,,Nematinae,Trichiocampus,,Nematinae | Cladiini | Trichiocampus,,6097033
B204:1:18,Nematini,,,,,,tribe,,B204:1,accepted,,,B204:1:1,Nematinae,,,,,,Nematinae,,,Nematinae,,
B204:1:19,Hoplocampa Hartig,Hartig,,,,,genus,,B204:1,accepted,,,B204:1:18,Nematini,,,,,,Nematinae,Hoplocampa,,Nematinae | Nematini,4YLJ,1249698
B204:1:20,Hoplocampa testudinea (Klug),(Klug),Hoplocampa,,testudinea,,species,,B204:1,accepted,,,B204:1:19,Hoplocampa Hartig,,,,,,Nematinae,Hoplocampa,,Nematinae | Nematini | Hoplocampa,,1249700
B204:1:21,Hoplocampa brevis (Klug),(Klug),Hoplocampa,,brevis,,species,,B204:1,accepted,,,B204:1:19,Hoplocampa Hartig,,,,,,Nematinae,Hoplocampa,,Nematinae | Nematini | Hoplocampa,,4491736
B204:1:22,Hoplocampa crataegi (Klug),(Klug),Hoplocampa,,crataegi,,species,,B204:1,accepted,,,B204:1:19,Hoplocampa Hartig,,,,,,Nematinae,Hoplocampa,,Nematinae | Nematini | Hoplocampa,,4491747
B204:1:23,Hoplocampa plagiata Klug in Cameron,Klug in Cameron,Hoplocampa,,plagiata,,species,nec Klug,B204:1,synonym,B204:1:22,Hoplocampa crataegi (Klug),,,,,,,,Nematinae,Hoplocampa,,Nematinae | Nematini | Hoplocampa,,4491751
B204:1:24,Hoplocampa alpina (Zetterstedt),(Zetterstedt),Hoplocampa,,alpina,,species,,B204:1,accepted,,,B204:1:19,Hoplocampa Hartig,,,,,,Nematinae,Hoplocampa,,Nematinae | Nematini | Hoplocampa,,4491744
B204:1:25,Hoplocampa ariae Benson,Benson,Hoplocampa,,ariae,,species,,B204:1,accepted,,,B204:1:19,Hoplocampa Hartig,,,,,,Nematinae,Hoplocampa,,Nematinae | Nematini | Hoplocampa,,4491753
B204:1:26,Hoplocampa pectoralis C.,C.,Hoplocampa,,pectoralis,,species,G. Thomson,B204:1,accepted,,,B204:1:19,Hoplocampa Hartig,,,,,,Nematinae,Hoplocampa,,Nematinae | Nematini | Hoplocampa,,4491734
B204:1:27,Hoplocampa flava (L.),(L.),Hoplocampa,,flava,,species,,B204:1,accepted,,,B204:1:19,Hoplocampa Hartig,,,,,,Nematinae,Hoplocampa,,Nematinae | Nematini | Hoplocampa,,4491733
B204:1:28,Hoplocampa ferruginea F.,F.,Hoplocampa,,ferruginea,,species,,B204:1,synonym,B204:1:27,Hoplocampa flava (L.),,,,,,,,Nematinae,Hoplocampa,,Nematinae | Nematini | Hoplocampa,,11307138
B204:1:29,Hoplocampa minuta,,Hoplocampa,,minuta,,species,auctt. angl. nec Christ,B204:1,synonym,B204:1:27,Hoplocampa flava (L.),,,,,,,,Nematinae,Hoplocampa,,Nematinae | Nematini | Hoplocampa,,4491749
B204:1:30,Hoplocampa chrysorrhoea (Klug),(Klug),Hoplocampa,,chrysorrhoea,,species,,B204:1,accepted,,,B204:1:19,Hoplocampa Hartig,,,,,,Nematinae,Hoplocampa,,Nematinae | Nematini | Hoplocampa,,4491738
B204:1:31,Hoplocampa rutilicornis (Klug),(Klug),Hoplocampa,,rutilicornis,,species,,B204:1,accepted,,,B204:1:19,Hoplocampa Hartig,,,,,,Nematinae,Hoplocampa,,Nematinae | Nematini | Hoplocampa,,9313738
B204:1:32,Hemichroa Stephens,Stephens,,,,,genus,,B204:1,accepted,,,B204:1:18,Nematini,,,,,,Nematinae,Hemichroa,,Nematinae | Nematini,4V2B,1249686
B204:1:33,Hemichroa crocea (Geoffroy),(Geoffroy),Hemichroa,,crocea,,species,,B204:1,accepted,,,B204:1:32,Hemichroa Stephens,,,,,,Nematinae,Hemichroa,,Nematinae | Nematini | Hemichroa,,1249687
B204:1:34,Hemichroa australis (Lepeletier),(Lepeletier),Hemichroa,,australis,,species,,B204:1,accepted,,,B204:1:32,Hemichroa Stephens,,,,,,Nematinae,Hemichroa,,Nematinae | Nematini | Hemichroa,,11058014
B204:1:35,"Hemichroa alni L., 1767","L., 1767",Hemichroa,,alni,,species,"nec L., 1758",B204:1,synonym,B204:1:34,Hemichroa australis (Lepeletier),,,,,,,,Nematinae,Hemichroa,,Nematinae | Nematini | Hemichroa,,6097066
B204:1:36,Anoplonyx Marlatt,Marlatt,,,,,genus,,B204:1,accepted,,,B204:1:18,Nematini,,,,,,Nematinae,Anoplonyx,,Nematinae | Nematini,,9212447
B204:1:37,Platycampus Schiödt. in part,Schiödt. in part,,,,,genus,,B204:1,heterotypic synonym,B204:1:36,Anoplonyx Marlatt,,,,,,,,Nematinae,Platycampus,,Nematinae | Nematini,,4407339
B204:1:38,Camponiscus Newman in part,Newman in part,,,,,genus,,B204:1,heterotypic synonym,B204:1:36,Anoplonyx Marlatt,,,,,,,,Nematinae,Camponiscus,,Nematinae | Nematini,,4676446
B204:1:39,Leptocercus Konow in part,Konow in part,,,,,genus,,B204:1,heterotypic synonym,B204:1:36,Anoplonyx Marlatt,,,,,,,,Nematinae,Leptocercus,,Nematinae | Nematini,,
B204:1:40,Anoplonyx destructor Benson,Benson,Anoplonyx,,destructor,,species,,B204:1,accepted,,,B204:1:36,Anoplonyx Marlatt,,,,,,Nematinae,Anoplonyx,,Nematinae | Nematini | Anoplonyx,,4491852
B204:1:41,Anoplonyx duplex Lepeletier,Lepeletier,Anoplonyx,,duplex,,species,auctt. angl. nec Lep.,B204:1,synonym,B204:1:40,Anoplonyx destructor Benson,,,,,,,,Nematinae,Anoplonyx,,Nematinae | Nematini | Anoplonyx,,4491858
B204:1:42,Platycampus Schiödte,Schiödte,,,,,genus,,B204:1,accepted,,,B204:1:18,Nematini,,,,,,Nematinae,Platycampus,,Nematinae | Nematini,,4407339
B204:1:43,Camponiscus Newman in part,Newman in part,,,,,genus,,B204:1,heterotypic synonym,B204:1:42,Platycampus Schiödte,,,,,,,,Nematinae,Camponiscus,,Nematinae | Nematini,,4676446
B204:1:44,Leptocercus Konow in part,Konow in part,,,,,genus,,B204:1,heterotypic synonym,B204:1:42,Platycampus Schiödte,,,,,,,,Nematinae,Leptocercus,,Nematinae | Nematini,,
B204:1:45,Platycampus luridiventris (Fallén),(Fallén),Platycampus,,luridiventris,,species,,B204:1,accepted,,,B204:1:42,Platycampus Schiödte,,,,,,Nematinae,Platycampus,,Nematinae | Nematini | Platycampus,,4491845
B204:1:46,Dineura Dahlbom,Dahlbom,,,,,genus,,B204:1,accepted,,,B204:1:18,Nematini,,,,,,Nematinae,Dineura,,Nematinae | Nematini,,3258693
B204:1:47,Dineura virididorsata (Retzius),(Retzius),Dineura,,virididorsata,,species,,B204:1,accepted,,,B204:1:46,Dineura Dahlbom,,,,,,Nematinae,Dineura,,Nematinae | Nematini | Dineura,,5759672
B204:1:48,Dineura stilata (Klug),(Klug),Dineura,,stilata,,species,,B204:1,accepted,,,B204:1:46,Dineura Dahlbom,,,,,,Nematinae,Dineura,,Nematinae | Nematini | Dineura,,5759671
B204:1:49,Dineura testaceipes (Klug),(Klug),Dineura,,testaceipes,,species,,B204:1,accepted,,,B204:1:46,Dineura Dahlbom,,,,,,Nematinae,Dineura,,Nematinae | Nematini | Dineura,,8295510
B204:1:50,Mesoneura Hartig,Hartig,,,,,genus,,B204:1,accepted,,,B204:1:18,Nematini,,,,,,Nematinae,Mesoneura,,Nematinae | Nematini,,4404526
B204:1:51,Mesoneura opaca (Klug),(Klug),Mesoneura,,opaca,,species,,B204:1,accepted,,,B204:1:50,Mesoneura Hartig,,,,,,Nematinae,Mesoneura,,Nematinae | Nematini | Mesoneura,,11238986
B204:1:52,Mesoneura verna Stephens,Stephens,Mesoneura,,verna,,species,,B204:1,synonym,B204:1:51,Mesoneura opaca (Klug),,,,,,,,Nematinae,Mesoneura,,Nematinae | Nematini | Mesoneura,,4404526
B204:1:53,Mesoneura biloba Stephens,Stephens,Mesoneura,,biloba,,species,,B204:1,synonym,B204:1:51,Mesoneura opaca (Klug),,,,,,,,Nematinae,Mesoneura,,Nematinae | Nematini | Mesoneura,,4404526
B204:1:54,Mesoneura selandriiformis Cameron,Cameron,Mesoneura,,selandriiformis,,species,,B204:1,synonym,B204:1:51,Mesoneura opaca (Klug),,,,,,,,Nematinae,Mesoneura,,Nematinae | Nematini | Mesoneura,,4404526
B204:1:55,Pseudodineura KOnow,KOnow,,,,,genus,,B204:1,accepted,,,B204:1:18,Nematini,,,,,,Nematinae,Pseudodineura,,Nematinae | Nematini,,4491715
B204:1:56,Pelmatopus Hartig,Hartig,,,,,genus,nec Fischer de Waldheim,B204:1,synonym,B204:1:55,Pseudodineura KOnow,,,,,,,,Nematinae,Pelmatopus,,Nematinae | Nematini,,3259175
B204:1:57,Pseudodineura fuscula (Klug),(Klug),Pseudodineura,,fuscula,,species,,B204:1,accepted,,,B204:1:55,Pseudodineura KOnow,,,,,,Nematinae,Pseudodineura,,Nematinae | Nematini | Pseudodineura,,4491719
B204:1:58,Pseudodineura despectus Hartig,Hartig,Pseudodineura,,despectus,,species,,B204:1,synonym,B204:1:57,Pseudodineura fuscula (Klug),,,,,,,,Nematinae,Pseudodineura,,Nematinae | Nematini | Pseudodineura,,4491715
B204:1:59,Pseudodineura enslini (Hering),(Hering),Pseudodineura,,enslini,,species,,B204:1,accepted,,,B204:1:55,Pseudodineura KOnow,,,,,,Nematinae,Pseudodineura,,Nematinae | Nematini | Pseudodineura,,4491726
B204:1:60,Stauronematus Benson,Benson,,,,,genus,,B204:1,accepted,,,B204:1:18,Nematini,,,,,,Nematinae,Stauronematus,,Nematinae | Nematini,,4681453
B204:1:61,Stauronema Benson,Benson,,,,,genus,nec Solas,B204:1,synonym,B204:1:60,Stauronematus Benson,,,,,,,,Nematinae,Stauronema,,Nematinae | Nematini,,3259098
B204:1:62,Stauronematus compressicornis (Fabricius),(Fabricius),Stauronematus,,compressicornis,,species,,B204:1,accepted,,,B204:1:60,Stauronematus Benson,,,,,,Nematinae,Stauronematus,,Nematinae | Nematini | Stauronematus,,5868075
B204:1:63,Pristiphora Latreille,Latreille,,,,,genus,,B204:1,accepted,,,B204:1:18,Nematini,,,,,,Nematinae,Pristiphora,,Nematinae | Nematini,6VXG,1249690
B204:1:64,Lygaeonematus Konow,Konow,,,,,genus,,B204:1,synonym,B204:1:63,Pristiphora Latreille,,,,,,,,Nematinae,Lygaeonematus,,Nematinae | Nematini,,4571518
B204:1:65,Micronematus Konow,Konow,,,,,genus,,B204:1,synonym,B204:1:63,Pristiphora Latreille,,,,,,,,Nematinae,Micronematus,,Nematinae | Nematini,,4681526
B204:1:66,Pristiphora monogyniae (Hartig),(Hartig),Pristiphora,,monogyniae,,species,,B204:1,accepted,,,B204:1:63,Pristiphora Latreille,,,,,,Nematinae,Pristiphora,,Nematinae | Nematini | Pristiphora,,7414713
B204:1:67,Pristiphora hibernicus Cameron,Cameron,Pristiphora,,hibernicus,,species,,B204:1,synonym,B204:1:66,Pristiphora monogyniae (Hartig),,,,,,,,Nematinae,Pristiphora,,Nematinae | Nematini | Pristiphora,6VXG,11293638
B204:1:68,Pristiphora abbreviata (Hartig),(Hartig),Pristiphora,,abbreviata,,species,,B204:1,accepted,,,B204:1:63,Pristiphora Latreille,,,,,,Nematinae,Pristiphora,,Nematinae | Nematini | Pristiphora,,5023189
B204:1:69,Pristiphora californica Marlatt,Marlatt,Pristiphora,,californica,,species,syn. nov.,B204:1,synonym,B204:1:68,Pristiphora abbreviata (Hartig),,,,,,,,Nematinae,Pristiphora,,Nematinae | Nematini | Pristiphora,6VXG,11293638
B204:1:70,Pristiphora retusa (C. G. Thomson),(C. G. Thomson),Pristiphora,,retusa,,species,,B204:1,accepted,,,B204:1:63,Pristiphora Latreille,,,,,,Nematinae,Pristiphora,,Nematinae | Nematini | Pristiphora,,8058567
B204:1:71,Pristiphora moesta (Zaddach),(Zaddach),Pristiphora,,moesta,,species,,B204:1,accepted,,,B204:1:63,Pristiphora Latreille,,,,,,Nematinae,Pristiphora,,Nematinae | Nematini | Pristiphora,,11275197
B204:1:72,Pristiphora geniculata (Hartig),(Hartig),Pristiphora,,geniculata,,species,,B204:1,accepted,,,B204:1:63,Pristiphora Latreille,,,,,,Nematinae,Pristiphora,,Nematinae | Nematini | Pristiphora,,5023190
B204:1:73,Pristiphora fulvipes (Fallén),(Fallén),Pristiphora,,fulvipes,,species,,B204:1,accepted,,,B204:1:63,Pristiphora Latreille,,,,,,Nematinae,Pristiphora,,Nematinae | Nematini | Pristiphora,,6097009
B204:1:74,Pristiphora thalictri,,Pristiphora,,thalictri,,species,,B204:1,accepted,,,B204:1:63,Pristiphora Latreille,,,,,,Nematinae,Pristiphora,,Nematinae | Nematini | Pristiphora,,7803562
B204:1:75,Pristiphora thalictri subsp. fuscata Benson,Benson,Pristiphora,,thalictri,fuscata,subspecies,,B204:1,accepted,,,B204:1:74,Pristiphora thalictri,,,,,,Nematinae,Pristiphora,,Nematinae | Nematini | Pristiphora | Pristiphora thalictri,,9559844
B204:1:76,Pristiphora fumipennis Thomson,Thomson,Pristiphora,,fumipennis,,species,nec Stephens,B204:1,synonym,B204:1:75,Pristiphora thalictri subsp. fuscata Benson,,,,,,,,Nematinae,Pristiphora,,Nematinae | Nematini | Pristiphora | Pristiphora thalictri,,11251019
B204:1:77,Pristiphora alnivora (Hartig),(Hartig),Pristiphora,,alnivora,,species,,B204:1,accepted,,,B204:1:63,Pristiphora Latreille,,,,,,Nematinae,Pristiphora,,Nematinae | Nematini | Pristiphora,,9875531
B204:1:78,Pristiphora bifida Hellén,Hellén,Pristiphora,,bifida,,species,,B204:1,accepted,,,B204:1:63,Pristiphora Latreille,,,,,,Nematinae,Pristiphora,,Nematinae | Nematini | Pristiphora,,7603285
B204:1:79,Pristiphora melanocarpa (Hartig),(Hartig),Pristiphora,,melanocarpa,,species,,B204:1,accepted,,,B204:1:63,Pristiphora Latreille,,,,,,Nematinae,Pristiphora,,Nematinae | Nematini | Pristiphora,,6097025
B204:1:80,Pristiphora ruficornis (Olivier),(Olivier),Pristiphora,,ruficornis,,species,,B204:1,accepted,,,B204:1:63,Pristiphora Latreille,,,,,,Nematinae,Pristiphora,,Nematinae | Nematini | Pristiphora,,6097022
B204:1:81,Pristiphora fraxini Hartig,Hartig,Pristiphora,,fraxini,,species,,B204:1,synonym,B204:1:80,Pristiphora ruficornis (Olivier),,,,,,,,Nematinae,Pristiphora,,Nematinae | Nematini | Pristiphora,6VXG,11293638
B204:1:82,Pristiphora coniceps Lindqvist,Lindqvist,Pristiphora,,coniceps,,species,,B204:1,accepted,,,B204:1:63,Pristiphora Latreille,,,,,,Nematinae,Pristiphora,,Nematinae | Nematini | Pristiphora,,8217738
B204:1:83,Pristiphora crassicornis (Hartig),(Hartig),Pristiphora,,crassicornis,,species,,B204:1,accepted,,,B204:1:63,Pristiphora Latreille,,,,,,Nematinae,Pristiphora,,Nematinae | Nematini | Pristiphora,,6097011
B204:1:84,Pristiphora fletcheri Cameron,Cameron,Pristiphora,,fletcheri,,species,,B204:1,synonym,B204:1:83,Pristiphora crassicornis (Hartig),,,,,,,,Nematinae,Pristiphora,,Nematinae | Nematini | Pristiphora,6VXG,11293638
B204:1:85,Pristiphora confusa Lindqvist,Lindqvist,Pristiphora,,confusa,,species,,B204:1,accepted,,,B204:1:63,Pristiphora Latreille,,,,,,Nematinae,Pristiphora,,Nematinae | Nematini | Pristiphora,,6097012
B204:1:86,Pristiphora pallipes Lepeletier,Lepeletier,Pristiphora,,pallipes,,species,,B204:1,accepted,,,B204:1:63,Pristiphora Latreille,,,,,,Nematinae,Pristiphora,,Nematinae | Nematini | Pristiphora,,6097017
B204:1:87,Pristiphora appendiculata Hartig,Hartig,Pristiphora,,appendiculata,,species,,B204:1,synonym,B204:1:86,Pristiphora pallipes Lepeletier,,,,,,,,Nematinae,Pristiphora,,Nematinae | Nematini | Pristiphora,,6097016
B204:1:88,Pristiphora laricis (Hartig),(Hartig),Pristiphora,,laricis,,species,,B204:1,accepted,,,B204:1:63,Pristiphora Latreille,,,,,,Nematinae,Pristiphora,,Nematinae | Nematini | Pristiphora,,5868135
B204:1:89,Pristiphora oblongus Cameron,Cameron,Pristiphora,,oblongus,,species,,B204:1,synonym,B204:1:88,Pristiphora laricis (Hartig),,,,,,,,Nematinae,Pristiphora,,Nematinae | Nematini | Pristiphora,,
B204:1:90,Pristiphora biscalis (Förster),(Förster),Pristiphora,,biscalis,,species,,B204:1,accepted,,,B204:1:63,Pristiphora Latreille,,,,,,Nematinae,Pristiphora,,Nematinae | Nematini | Pristiphora,,5868123
B204:1:91,Pristiphora paedida (Konow),(Konow),Pristiphora,,paedida,,species,,B204:1,accepted,,,B204:1:63,Pristiphora Latreille,,,,,,Nematinae,Pristiphora,,Nematinae | Nematini | Pristiphora,,8497310
B204:1:92,Pristiphora punctifrons (C. G. Thomson),(C. G. Thomson),Pristiphora,,punctifrons,,species,,B204:1,accepted,,,B204:1:63,Pristiphora Latreille,,,,,,Nematinae,Pristiphora,,Nematinae | Nematini | Pristiphora,,7512981
B204:1:93,Pristiphora viridana Konow,Konow,Pristiphora,,viridana,,species,,B204:1,synonym,B204:1:92,Pristiphora punctifrons (C. G. Thomson),,,,,,,,Nematinae,Pristiphora,,Nematinae | Nematini | Pristiphora,,7520240
B204:1:94,Pristiphora alpestris (Konow),(Konow),Pristiphora,,alpestris,,species,,B204:1,accepted,,,B204:1:63,Pristiphora Latreille,,,,,,Nematinae,Pristiphora,,Nematinae | Nematini | Pristiphora,,7648070
B204:1:95,Pristiphora quercus (Hartig),(Hartig),Pristiphora,,quercus,,species,,B204:1,accepted,,,B204:1:63,Pristiphora Latreille,,,,,,Nematinae,Pristiphora,,Nematinae | Nematini | Pristiphora,,6097018
B204:1:96,Pristiphora idiota Norton,Norton,Pristiphora,,idiota,,species,syn. nov.,B204:1,synonym,B204:1:95,Pristiphora quercus (Hartig),,,,,,,,Nematinae,Pristiphora,,Nematinae | Nematini | Pristiphora,,8604178
B204:1:97,Pristiphora denudata Konow,Konow,Pristiphora,,denudata,,species,,B204:1,accepted,,,B204:1:63,Pristiphora Latreille,,,,,,Nematinae,Pristiphora,,Nematinae | Nematini | Pristiphora,,6097013
B204:1:98,Pristiphora pallidiventris (Fallén),(Fallén),Pristiphora,,pallidiventris,,species,,B204:1,accepted,,,B204:1:63,Pristiphora Latreille,,,,,,Nematinae,Pristiphora,,Nematinae | Nematini | Pristiphora,,6097020
B204:1:99,Pristiphora obductus Hartig in Cameron,Hartig in Cameron,Pristiphora,,obductus,,species,nec Hartig,B204:1,synonym,B204:1:98,Pristiphora pallidiventris (Fallén),,,,,,,,Nematinae,Pristiphora,,Nematinae | Nematini | Pristiphora,6VXG,11293638
B204:1:100,Pristiphora subbifida (C. G. Thomson),(C. G. Thomson),Pristiphora,,subbifida,,species,,B204:1,accepted,,,B204:1:63,Pristiphora Latreille,,,,,,Nematinae,Pristiphora,,Nematinae | Nematini | Pristiphora,,8037117
B204:1:101,Pristiphora conjugata (Dahlbom),(Dahlbom),Pristiphora,,conjugata,,species,,B204:1,accepted,,,B204:1:63,Pristiphora Latreille,,,,,,Nematinae,Pristiphora,,Nematinae | Nematini | Pristiphora,,6097024
B204:1:102,Pristiphora testacea (Jurine),(Jurine),Pristiphora,,testacea,,species,,B204:1,accepted,,,B204:1:63,Pristiphora Latreille,,,,,,Nematinae,Pristiphora,,Nematinae | Nematini | Pristiphora,,5868131
B204:1:103,Pristiphora betulae Retzius,Retzius,Pristiphora,,betulae,,species,,B204:1,synonym,B204:1:102,Pristiphora testacea (Jurine),,,,,,,,Nematinae,Pristiphora,,Nematinae | Nematini | Pristiphora,,10934422
B204:1:104,Pristiphora alpestris (Konow),(Konow),Pristiphora,,alpestris,,species,,B204:1,accepted,,,B204:1:63,Pristiphora Latreille,,,,,,Nematinae,Pristiphora,,Nematinae | Nematini | Pristiphora,,7648070
B204:1:105,Pristiphora strandi Konow in Benson,Konow in Benson,Pristiphora,,strandi,,species,nec Konow,B204:1,synonym,B204:1:104,Pristiphora alpestris (Konow),,,,,,,,Nematinae,Pristiphora,,Nematinae | Nematini | Pristiphora,6VXG,11293638
B204:1:106,Pristiphora staudingeri (Ruthe),(Ruthe),Pristiphora,,staudingeri,,species,,B204:1,accepted,,,B204:1:63,Pristiphora Latreille,,,,,,Nematinae,Pristiphora,,Nematinae | Nematini | Pristiphora,,6097028
B204:1:107,Pristiphora asperlatus Benson,Benson,Pristiphora,,asperlatus,,species,,B204:1,synonym,B204:1:106,Pristiphora staudingeri (Ruthe),,,,,,,,Nematinae,Pristiphora,,Nematinae | Nematini | Pristiphora,,7494440
B204:1:108,Pristiphora hyperborea Malaise,Malaise,Pristiphora,,hyperborea,,species,,B204:1,synonym,B204:1:106,Pristiphora staudingeri (Ruthe),,,,,,,,Nematinae,Pristiphora,,Nematinae | Nematini | Pristiphora,,8313826
B204:1:109,Pristiphora carinata (Hartig),(Hartig),Pristiphora,,carinata,,species,,B204:1,accepted,,,B204:1:63,Pristiphora Latreille,,,,,,Nematinae,Pristiphora,,Nematinae | Nematini | Pristiphora,,7776808
B204:1:110,Pristiphora pallipes Fallén,Fallén,Pristiphora,,pallipes,,species,nec Lepeletier,B204:1,synonym,B204:1:109,Pristiphora carinata (Hartig),,,,,,,,Nematinae,Pristiphora,,Nematinae | Nematini | Pristiphora,,6097017
B204:1:111,Pristiphora pseudocoactula (Lindqvist),(Lindqvist),Pristiphora,,pseudocoactula,,species,,B204:1,accepted,,,B204:1:63,Pristiphora Latreille,,,,,,Nematinae,Pristiphora,,Nematinae | Nematini | Pristiphora,,8160165
B204:1:112,Pristiphora pachyvalvis Konow in Benson,Konow in Benson,Pristiphora,,pachyvalvis,,species,nec Konow,B204:1,synonym,B204:1:111,Pristiphora pseudocoactula (Lindqvist),,,,,,,,Nematinae,Pristiphora,,Nematinae | Nematini | Pristiphora,,11269122
B204:1:113,Pristiphora mollis (Hartig),(Hartig),Pristiphora,,mollis,,species,,B204:1,accepted,,,B204:1:63,Pristiphora Latreille,,,,,,Nematinae,Pristiphora,,Nematinae | Nematini | Pristiphora,,5868128
B204:1:114,Pristiphora lativentris (Thomson),(Thomson),Pristiphora,,lativentris,,species,,B204:1,accepted,,,B204:1:63,Pristiphora Latreille,,,,,,Nematinae,Pristiphora,,Nematinae | Nematini | Pristiphora,,7353011
B204:1:115,Pristiphora scoticus Cameron,Cameron,Pristiphora,,scoticus,,species,,B204:1,synonym,B204:1:114,Pristiphora lativentris (Thomson),,,,,,,,Nematinae,Pristiphora,,Nematinae | Nematini | Pristiphora,6VXG,11293638
B204:1:116,Pristiphora breadalbanensis (Cameron),(Cameron),Pristiphora,,breadalbanensis,,species,,B204:1,accepted,,,B204:1:63,Pristiphora Latreille,,,,,,Nematinae,Pristiphora,,Nematinae | Nematini | Pristiphora,,8409796
B204:1:117,Pristiphora carpulentus Konow,Konow,Pristiphora,,carpulentus,,species,,B204:1,synonym,B204:1:116,Pristiphora breadalbanensis (Cameron),,,,,,,,Nematinae,Pristiphora,,Nematinae | Nematini | Pristiphora,6VXG,11293638
B204:1:118,Pristiphora tromsöensis Kiaer,Kiaer,Pristiphora,,tromsöensis,,species,,B204:1,synonym,B204:1:116,Pristiphora breadalbanensis (Cameron),,,,,,,,Nematinae,Pristiphora,,Nematinae | Nematini | Pristiphora,,11237568
B204:1:119,Pristiphora borea (Konow),(Konow),Pristiphora,,borea,,species,,B204:1,accepted,,,B204:1:63,Pristiphora Latreille,,,,,,Nematinae,Pristiphora,,Nematinae | Nematini | Pristiphora,,8372271
B204:1:120,Pristiphora albilabris (C. G. Thomson),(C. G. Thomson),Pristiphora,,albilabris,,species,,B204:1,synonym,B204:1:119,Pristiphora borea (Konow),,,,,,,,Nematinae,Pristiphora,,Nematinae | Nematini | Pristiphora,,7468776
B204:1:121,Pristiphora grönblomi (Hellén),(Hellén),Pristiphora,,grönblomi,,species,,B204:1,accepted,,,B204:1:63,Pristiphora Latreille,,,,,,Nematinae,Pristiphora,,Nematinae | Nematini | Pristiphora,,8236748
B204:1:122,Pristiphora erichsonii (Hartig),(Hartig),Pristiphora,,erichsonii,,species,,B204:1,accepted,,,B204:1:63,Pristiphora Latreille,,,,,,Nematinae,Pristiphora,,Nematinae | Nematini | Pristiphora,,5023188
B204:1:123,Pristiphora saxesenii (Hartig),(Hartig),Pristiphora,,saxesenii,,species,,B204:1,accepted,,,B204:1:63,Pristiphora Latreille,,,,,,Nematinae,Pristiphora,,Nematinae | Nematini | Pristiphora,,5868121
B204:1:124,Pristiphora subarctica (Forsslund),(Forsslund),Pristiphora,,subarctica,,species,,B204:1,accepted,,,B204:1:63,Pristiphora Latreille,,,,,,Nematinae,Pristiphora,,Nematinae | Nematini | Pristiphora,,7840904
B204:1:125,Pristiphora wesmaeli (Tischbein),(Tischbein),Pristiphora,,wesmaeli,,species,,B204:1,accepted,,,B204:1:63,Pristiphora Latreille,,,,,,Nematinae,Pristiphora,,Nematinae | Nematini | Pristiphora,,5868133
B204:1:126,Pristiphora glauca Benson,Benson,Pristiphora,,glauca,,species,,B204:1,accepted,,,B204:1:63,Pristiphora Latreille,,,,,,Nematinae,Pristiphora,,Nematinae | Nematini | Pristiphora,,7925726
B204:1:127,Pristiphora abietina (Christ),(Christ),Pristiphora,,abietina,,species,,B204:1,accepted,,,B204:1:63,Pristiphora Latreille,,,,,,Nematinae,Pristiphora,,Nematinae | Nematini | Pristiphora,,5868116
B204:1:128,Pristiphora pini Retzius,Retzius,Pristiphora,,pini,,species,,B204:1,synonym,B204:1:127,Pristiphora abietina (Christ),,,,,,,,Nematinae,Pristiphora,,Nematinae | Nematini | Pristiphora,,6097021
B204:1:129,Pristiphora compressa (Hartig),(Hartig),Pristiphora,,compressa,,species,,B204:1,accepted,,,B204:1:63,Pristiphora Latreille,,,,,,Nematinae,Pristiphora,,Nematinae | Nematini | Pristiphora,,8026141
B204:1:130,Amauronematus Konow,Konow,,,,,genus,,B204:1,accepted,,,B204:1:18,Nematini,,,,,,Nematinae,Amauronematus,,Nematinae | Nematini,,4491521
B204:1:131,Amauronematus longiserra (C. G. Thomson),(C. G. Thomson),Amauronematus,,longiserra,,species,nec longiserra Thomson in Cameron,B204:1,accepted,,,B204:1:130,Amauronematus Konow,,,,,,Nematinae,Amauronematus,,Nematinae | Nematini | Amauronematus,,4491620
B204:1:132,Amauronematus histrio (Lepeletier),(Lepeletier),Amauronematus,,histrio,,species,,B204:1,accepted,,,B204:1:130,Amauronematus Konow,,,,,,Nematinae,Amauronematus,,Nematinae | Nematini | Amauronematus,,10995875
B204:1:133,Amauronematus glenelgensis Cameron,Cameron,Amauronematus,,glenelgensis,,species,,B204:1,synonym,B204:1:132,Amauronematus histrio (Lepeletier),,,,,,,,Nematinae,Amauronematus,,Nematinae | Nematini | Amauronematus,,4491521
B204:1:134,Amauronematus amplus Konow,Konow,Amauronematus,,amplus,,species,,B204:1,accepted,,,B204:1:130,Amauronematus Konow,,,,,,Nematinae,Amauronematus,,Nematinae | Nematini | Amauronematus,,4491569
B204:1:135,Amauronematus abnormis (Holmgren),(Holmgren),Amauronematus,,abnormis,,species,,B204:1,accepted,,,B204:1:130,Amauronematus Konow,,,,,,Nematinae,Amauronematus,,Nematinae | Nematini | Amauronematus,,4491581
B204:1:136,Amauronematus miltonotus (Zaddach),(Zaddach),Amauronematus,,miltonotus,,species,,B204:1,accepted,,,B204:1:130,Amauronematus Konow,,,,,,Nematinae,Amauronematus,,Nematinae | Nematini | Amauronematus,,4491563
B204:1:137,Amauronematus sagmarius Konow,Konow,Amauronematus,,sagmarius,,species,,B204:1,accepted,,,B204:1:130,Amauronematus Konow,,,,,,Nematinae,Amauronematus,,Nematinae | Nematini | Amauronematus,,4491650
B204:1:138,Amauronematus mundus Konow,Konow,Amauronematus,,mundus,,species,,B204:1,accepted,,,B204:1:130,Amauronematus Konow,,,,,,Nematinae,Amauronematus,,Nematinae | Nematini | Amauronematus,,4491649
B204:1:139,Amauronematus viduatus (Zetterstedt),(Zetterstedt),Amauronematus,,viduatus,,species,,B204:1,accepted,,,B204:1:130,Amauronematus Konow,,,,,,Nematinae,Amauronematus,,Nematinae | Nematini | Amauronematus,,4491560
B204:1:140,Amauronematus longiserra Thoms. in Cameron,Thoms. in Cameron,Amauronematus,,longiserra,,species,nec Thomson,B204:1,synonym,B204:1:139,Amauronematus viduatus (Zetterstedt),,,,,,,,Nematinae,Amauronematus,,Nematinae | Nematini | Amauronematus,,4491620
B204:1:141,Amauronematus leucolaenus (Zaddach),(Zaddach),Amauronematus,,leucolaenus,,species,,B204:1,accepted,,,B204:1:130,Amauronematus Konow,,,,,,Nematinae,Amauronematus,,Nematinae | Nematini | Amauronematus,,11368575
B204:1:142,Amauronematus saarineni Lindqvist in Benson,Lindqvist in Benson,Amauronematus,,saarineni,,species,,B204:1,synonym,B204:1:141,Amauronematus leucolaenus (Zaddach),,,,,,,,Nematinae,Amauronematus,,Nematinae | Nematini | Amauronematus,,4491547
B204:1:143,Amauronematus failax (Lepeletier),(Lepeletier),Amauronematus,,failax,,species,,B204:1,accepted,,,B204:1:130,Amauronematus Konow,,,,,,Nematinae,Amauronematus,,Nematinae | Nematini | Amauronematus,,4491641
B204:1:144,Amauronematus amentorum (Förster),(Förster),Amauronematus,,amentorum,,species,,B204:1,accepted,,,B204:1:130,Amauronematus Konow,,,,,,Nematinae,Amauronematus,,Nematinae | Nematini | Amauronematus,,4491529
B204:1:145,Pristiphora amentorum,,Pristiphora,,amentorum,,species,,B204:1,synonym,B204:1:144,Amauronematus amentorum (Förster),,,,,,,,Nematinae,Amauronematus,,Nematinae | Nematini | Amauronematus,6VXG,11293638
B204:1:146,Amauronematus puniceus (Christ),(Christ),Amauronematus,,puniceus,,species,,B204:1,accepted,,,B204:1:130,Amauronematus Konow,,,,,,Nematinae,Amauronematus,,Nematinae | Nematini | Amauronematus,,4491522
B204:1:147,Amauronematus tillbergi Malaise,Malaise,Amauronematus,,tillbergi,,species,,B204:1,accepted,,,B204:1:130,Amauronematus Konow,,,,,,Nematinae,Amauronematus,,Nematinae | Nematini | Amauronematus,,4491589
B204:1:148,Amauronematus rex Benson,Benson,Amauronematus,,rex,,species,,B204:1,synonym,B204:1:147,Amauronematus tillbergi Malaise,,,,,,,,Nematinae,Amauronematus,,Nematinae | Nematini | Amauronematus,,9626228
B204:1:149,Amauronematus articola Enslin,Enslin,Amauronematus,,articola,,species,,B204:1,accepted,,,B204:1:130,Amauronematus Konow,,,,,,Nematinae,Amauronematus,,Nematinae | Nematini | Amauronematus,,11369755
B204:1:150,Amauronematus mcluckiei Benson,Benson,Amauronematus,,mcluckiei,,species,syn. nov.,B204:1,synonym,B204:1:149,Amauronematus articola Enslin,,,,,,,,Nematinae,Amauronematus,,Nematinae | Nematini | Amauronematus,,4491584
B204:1:151,Amauronematus crispus Benson,Benson,Amauronematus,,crispus,,species,,B204:1,accepted,,,B204:1:130,Amauronematus Konow,,,,,,Nematinae,Amauronematus,,Nematinae | Nematini | Amauronematus,,9445074
B204:1:152,Amauronematus vittatus Lep.,Lep.,Amauronematus,,vittatus,,species,auctt. angl. nec Lep.,B204:1,synonym,B204:1:151,Amauronematus crispus Benson,,,,,,,,Nematinae,Amauronematus,,Nematinae | Nematini | Amauronematus,,10932425
B204:1:153,Amauronematus fasciatus Konow,Konow,Amauronematus,,fasciatus,,species,,B204:1,accepted,,,B204:1:130,Amauronematus Konow,,,,,,Nematinae,Amauronematus,,Nematinae | Nematini | Amauronematus,,4491597
B204:1:154,Amauronematus perkinsi Benson,Benson,Amauronematus,,perkinsi,,species,,B204:1,synonym,B204:1:153,Amauronematus fasciatus Konow,,,,,,,,Nematinae,Amauronematus,,Nematinae | Nematini | Amauronematus,,9501525
B204:1:155,Amauronematus trautmanni Enslin,Enslin,Amauronematus,,trautmanni,,species,,B204:1,accepted,,,B204:1:130,Amauronematus Konow,,,,,,Nematinae,Amauronematus,,Nematinae | Nematini | Amauronematus,,4491675
B204:1:156,Amauronematus imperfectus Zaddach in Cameron,Zaddach in Cameron,Amauronematus,,imperfectus,,species,nec Zaddach,B204:1,synonym,B204:1:155,Amauronematus trautmanni Enslin,,,,,,,,Nematinae,Amauronematus,,Nematinae | Nematini | Amauronematus,,11348506
B204:1:157,Amauronematus piliserra Lindqvist,Lindqvist,Amauronematus,,piliserra,,species,,B204:1,synonym,B204:1:155,Amauronematus trautmanni Enslin,,,,,,,,Nematinae,Amauronematus,,Nematinae | Nematini | Amauronematus,,9583038
B204:1:158,Amauronematus cameroni Perkins,Perkins,Amauronematus,,cameroni,,species,,B204:1,synonym,B204:1:155,Amauronematus trautmanni Enslin,,,,,,,,Nematinae,Amauronematus,,Nematinae | Nematini | Amauronematus,,9389217
B204:1:159,Amauronematus excellens Forsius,Forsius,Amauronematus,,excellens,,species,,B204:1,synonym,B204:1:155,Amauronematus trautmanni Enslin,,,,,,,,Nematinae,Amauronematus,,Nematinae | Nematini | Amauronematus,,4491524
B204:1:160,Amauronematus humeralis (Lepeletier),(Lepeletier),Amauronematus,,humeralis,,species,,B204:1,accepted,,,B204:1:130,Amauronematus Konow,,,,,,Nematinae,Amauronematus,,Nematinae | Nematini | Amauronematus,,11092258
B204:1:161,Amauronematus taeniatus (Lepeletier),(Lepeletier),Amauronematus,,taeniatus,,species,,B204:1,accepted,,,B204:1:130,Amauronematus Konow,,,,,,Nematinae,Amauronematus,,Nematinae | Nematini | Amauronematus,,8671404
B204:1:162,Amauronematus semilacteus (Zaddach),(Zaddach),Amauronematus,,semilacteus,,species,,B204:1,accepted,,,B204:1:130,Amauronematus Konow,,,,,,Nematinae,Amauronematus,,Nematinae | Nematini | Amauronematus,,4491607
B204:1:163,Amauronematus tunicatus (Zaddach),(Zaddach),Amauronematus,,tunicatus,,species,,B204:1,accepted,,,B204:1:130,Amauronematus Konow,,,,,,Nematinae,Amauronematus,,Nematinae | Nematini | Amauronematus,,4491567
B204:1:164,Nematinus Rohwer,Rohwer,,,,,genus,,B204:1,accepted,,,B204:1:18,Nematini,,,,,,Nematinae,Nematinus,,Nematinae | Nematini,,4406572
B204:1:165,Nematinus caledonicus (Cameron),(Cameron),Nematinus,,caledonicus,,species,,B204:1,accepted,,,B204:1:164,Nematinus Rohwer,,,,,,Nematinae,Nematinus,,Nematinae | Nematini | Nematinus,,4491477
B204:1:166,Nematinus nigrosternatus Malaise,Malaise,Nematinus,,nigrosternatus,,species,,B204:1,synonym,B204:1:165,Nematinus caledonicus (Cameron),,,,,,,,Nematinae,Nematinus,,Nematinae | Nematini | Nematinus,,11328036
B204:1:167,Nematinus acuminatus (C. G. Thomson),(C. G. Thomson),Nematinus,,acuminatus,,species,,B204:1,accepted,,,B204:1:164,Nematinus Rohwer,,,,,,Nematinae,Nematinus,,Nematinae | Nematini | Nematinus,,4491485
B204:1:168,Nematinus abdominalis (Panzer),(Panzer),Nematinus,,abdominalis,,species,,B204:1,accepted,,,B204:1:164,Nematinus Rohwer,,,,,,Nematinae,Nematinus,,Nematinae | Nematini | Nematinus,,11314935
B204:1:169,Nematinus fuscipennis Lepeletier,Lepeletier,Nematinus,,fuscipennis,,species,,B204:1,synonym,B204:1:168,Nematinus abdominalis (Panzer),,,,,,,,Nematinae,Nematinus,,Nematinae | Nematini | Nematinus,,10978023
B204:1:170,Nematinus willigklae (Stein),(Stein),Nematinus,,willigklae,,species,,B204:1,accepted,,,B204:1:164,Nematinus Rohwer,,,,,,Nematinae,Nematinus,,Nematinae | Nematini | Nematinus,,4491480
B204:1:171,Nematinus willigklae subsp. pilosus subsp.,subsp.,Nematinus,,willigklae,pilosus,subspecies,n.,B204:1,accepted,,,B204:1:170,Nematinus willigklae (Stein),,,,,,Nematinae,Nematinus,,Nematinae | Nematini | Nematinus | Nematinus willigklae,,11258580
B204:1:172,Nematinus luteus (Panzer),(Panzer),Nematinus,,luteus,,species,,B204:1,accepted,,,B204:1:164,Nematinus Rohwer,,,,,,Nematinae,Nematinus,,Nematinae | Nematini | Nematinus,,4491476
B204:1:173,Nematinus ruficapillus Gmelin in Cameron,Gmelin in Cameron,Nematinus,,ruficapillus,,species,,B204:1,synonym,B204:1:172,Nematinus luteus (Panzer),,,,,,,,Nematinae,Nematinus,,Nematinae | Nematini | Nematinus,,11337718
B204:1:174,Nematinus bilineatus Klug in Cameron,Klug in Cameron,Nematinus,,bilineatus,,species,nec Klug,B204:1,synonym,B204:1:172,Nematinus luteus (Panzer),,,,,,,,Nematinae,Nematinus,,Nematinae | Nematini | Nematinus,,4491481
B204:1:175,Nematinus antennatus Cameron,Cameron,Nematinus,,antennatus,,species,,B204:1,synonym,B204:1:172,Nematinus luteus (Panzer),,,,,,,,Nematinae,Nematinus,,Nematinae | Nematini | Nematinus,,4406572
B204:1:176,Nematinus abdominalis (Panzer),(Panzer),Nematinus,,abdominalis,,species,,B204:1,accepted,,,B204:1:164,Nematinus Rohwer,,,,,,Nematinae,Nematinus,,Nematinae | Nematini | Nematinus,,11314935
B204:1:177,Euura E.,E.,,,,,genus,Newmann,B204:1,accepted,,,B204:1:18,Nematini,,,,,,Nematinae,Euura,,Nematinae | Nematini,,9013381
B204:1:178,Cryptocampus,,,,,,genus,,B204:1,synonym,B204:1:177,Euura E.,,,,,,,,Nematinae,Cryptocampus,,Nematinae | Nematini,,4672436
B204:1:179,Euura arta (L.),(L.),Euura,,arta,,species,,B204:1,accepted,,,B204:1:177,Euura E.,,,,,,Nematinae,Euura,,Nematinae | Nematini | Euura,,9013381
B204:1:180,Euura angustus Hartig,Hartig,Euura,,angustus,,species,,B204:1,synonym,B204:1:179,Euura arta (L.),,,,,,,,Nematinae,Euura,,Nematinae | Nematini | Euura,,4491712
B204:1:181,Euura amerinae (L.),(L.),Euura,,amerinae,,species,,B204:1,accepted,,,B204:1:177,Euura E.,,,,,,Nematinae,Euura,,Nematinae | Nematini | Euura,,4491706
B204:1:182,Euura pentandrae Retzius,Retzius,Euura,,pentandrae,,species,,B204:1,synonym,B204:1:181,Euura amerinae (L.),,,,,,,,Nematinae,Euura,,Nematinae | Nematini | Euura,,9013381
B204:1:183,Euura medullarius Hartig,Hartig,Euura,,medullarius,,species,,B204:1,synonym,B204:1:181,Euura amerinae (L.),,,,,,,,Nematinae,Euura,,Nematinae | Nematini | Euura,,9013381
B204:1:184,Euura mucronata (Hartig),(Hartig),Euura,,mucronata,,species,,B204:1,accepted,,,B204:1:177,Euura E.,,,,,,Nematinae,Euura,,Nematinae | Nematini | Euura,,4491694
B204:1:185,Euura nigritarsis Cameron,Cameron,Euura,,nigritarsis,,species,,B204:1,synonym,B204:1:184,Euura mucronata (Hartig),,,,,,,,Nematinae,Euura,,Nematinae | Nematini | Euura,,4491689
B204:1:186,Euura saliceti Fallén,Fallén,Euura,,saliceti,,species,auctt. nec Fallén,B204:1,synonym,B204:1:184,Euura mucronata (Hartig),,,,,,,,Nematinae,Euura,,Nematinae | Nematini | Euura,,9963443
B204:1:187,Euura testaceipes (Zaddach),(Zaddach),Euura,,testaceipes,,species,,B204:1,accepted,,,B204:1:177,Euura E.,,,,,,Nematinae,Euura,,Nematinae | Nematini | Euura,,11032827
B204:1:188,Euura venusta (Zaddach),(Zaddach),Euura,,venusta,,species,,B204:1,accepted,,,B204:1:177,Euura E.,,,,,,Nematinae,Euura,,Nematinae | Nematini | Euura,,4491698
B204:1:189,Pontania O.,O.,,,,,genus,Costa,B204:1,accepted,,,B204:1:18,Nematini,,,,,,Nematinae,Pontania,,Nematinae | Nematini,63Q76,1249675
B204:1:190,Pontania piliserra (Thomson),(Thomson),Pontania,,piliserra,,species,,B204:1,accepted,,,B204:1:189,Pontania O.,,,,,,Nematinae,Pontania,,Nematinae | Nematini | Pontania,,10953763
B204:1:191,Pontania xanthogaster Forster in Cameron,Forster in Cameron,Pontania,,xanthogaster,,species,nec Först.,B204:1,synonym,B204:1:190,Pontania piliserra (Thomson),,,,,,,,Nematinae,Pontania,,Nematinae | Nematini | Pontania,63Q76,1249675
B204:1:192,Pontania scotaspis (Förster),(Förster),Pontania,,scotaspis,,species,,B204:1,accepted,,,B204:1:189,Pontania O.,,,,,,Nematinae,Pontania,,Nematinae | Nematini | Pontania,,9352632
B204:1:193,Pontania puella (C. G. Thomson),(C. G. Thomson),Pontania,,puella,,species,,B204:1,accepted,,,B204:1:189,Pontania O.,,,,,,Nematinae,Pontania,,Nematinae | Nematini | Pontania,,11046785
B204:1:194,Pontania arcticus Thomson in Cameron,Thomson in Cameron,Pontania,,arcticus,,species,nec Thomson in part,B204:1,heterotypic synonym,B204:1:193,Pontania puella (C. G. Thomson),,,,,,,,Nematinae,Pontania,,Nematinae | Nematini | Pontania,63Q76,1249675
B204:1:195,Pontania leucosticta (Hartig),(Hartig),Pontania,,leucosticta,,species,,B204:1,accepted,,,B204:1:189,Pontania O.,,,,,,Nematinae,Pontania,,Nematinae | Nematini | Pontania,,7355310
B204:1:196,Pontania sharpi Cameron,Cameron,Pontania,,sharpi,,species,,B204:1,synonym,B204:1:195,Pontania leucosticta (Hartig),,,,,,,,Nematinae,Pontania,,Nematinae | Nematini | Pontania,63Q76,1249675
B204:1:197,Pontania destricta MacGillivray,MacGillivray,Pontania,,destricta,,species,,B204:1,accepted,,,B204:1:189,Pontania O.,,,,,,Nematinae,Pontania,,Nematinae | Nematini | Pontania,,11257472
B204:1:198,Pontania carinifrons Benson,Benson,Pontania,,carinifrons,,species,syn. nov.,B204:1,synonym,B204:1:197,Pontania destricta MacGillivray,,,,,,,,Nematinae,Pontania,,Nematinae | Nematini | Pontania,,11366612
B204:1:199,Pontania apicifrons Malaise,Malaise,Pontania,,apicifrons,,species,syn. nov.,B204:1,synonym,B204:1:197,Pontania destricta MacGillivray,,,,,,,,Nematinae,Pontania,,Nematinae | Nematini | Pontania,,11252848
B204:1:200,Pontania leucapsis (Tischbein),(Tischbein),Pontania,,leucapsis,,species,,B204:1,accepted,,,B204:1:189,Pontania O.,,,,,,Nematinae,Pontania,,Nematinae | Nematini | Pontania,,9268879
B204:1:201,Pontania leucostigmus Cameron,Cameron,Pontania,,leucostigmus,,species,,B204:1,synonym,B204:1:200,Pontania leucapsis (Tischbein),,,,,,,,Nematinae,Pontania,,Nematinae | Nematini | Pontania,63Q76,1249675
B204:1:202,Pontania purpureae (Cameron),(Cameron),Pontania,,purpureae,,species,,B204:1,accepted,,,B204:1:189,Pontania O.,,,,,,Nematinae,Pontania,,Nematinae | Nematini | Pontania,,4492130
B204:1:203,Pontania anglica (Cameron),(Cameron),Pontania,,anglica,,species,,B204:1,accepted,,,B204:1:189,Pontania O.,,,,,,Nematinae,Pontania,,Nematinae | Nematini | Pontania,63Q76,1249675
B204:1:204,Pontania nigrolineatus Cameron,Cameron,Pontania,,nigrolineatus,,species,,B204:1,synonym,B204:1:203,Pontania anglica (Cameron),,,,,,,,Nematinae,Pontania,,Nematinae | Nematini | Pontania,63Q76,1249675
B204:1:205,Pontania coriacea (Benson),(Benson),Pontania,,coriacea,,species,,B204:1,accepted,,,B204:1:189,Pontania O.,,,,,,Nematinae,Pontania,,Nematinae | Nematini | Pontania,,9577877
B204:1:206,Pontania vesicator (Bremi-Wolf),(Bremi-Wolf),Pontania,,vesicator,,species,nec vesicator Bremi. in Cameron,B204:1,accepted,,,B204:1:189,Pontania O.,,,,,,Nematinae,Pontania,,Nematinae | Nematini | Pontania,,4492088
B204:1:207,Pontania pustulator Forsius,Forsius,Pontania,,pustulator,,species,,B204:1,accepted,,,B204:1:189,Pontania O.,,,,,,Nematinae,Pontania,,Nematinae | Nematini | Pontania,,4492111
B204:1:208,Pontania vesicator Bremi in Cameron,Bremi in Cameron,Pontania,,vesicator,,species,nec Bremi,B204:1,synonym,B204:1:207,Pontania pustulator Forsius,,,,,,,,Nematinae,Pontania,,Nematinae | Nematini | Pontania,,4492088
B204:1:209,Pontania algida (Benson),(Benson),Pontania,,algida,,species,,B204:1,accepted,,,B204:1:189,Pontania O.,,,,,,Nematinae,Pontania,,Nematinae | Nematini | Pontania,,4492087
B204:1:210,"Pontania polaris Malaise in Benson, 1935","Malaise in Benson, 1935",Pontania,,polaris,,species,"nec Benson, 1941",B204:1,synonym,B204:1:209,Pontania algida (Benson),,,,,,,,Nematinae,Pontania,,Nematinae | Nematini | Pontania,,4492085
B204:1:211,Pontania crassipes (C. G. Thomson),(C. G. Thomson),Pontania,,crassipes,,species,,B204:1,accepted,,,B204:1:189,Pontania O.,,,,,,Nematinae,Pontania,,Nematinae | Nematini | Pontania,,4492081
B204:1:212,Pontania herbaceae Cameron,Cameron,Pontania,,herbaceae,,species,,B204:1,synonym,B204:1:211,Pontania crassipes (C. G. Thomson),,,,,,,,Nematinae,Pontania,,Nematinae | Nematini | Pontania,,4492079
B204:1:213,Pontania arbusculae Benson,Benson,Pontania,,arbusculae,,species,,B204:1,synonym,B204:1:211,Pontania crassipes (C. G. Thomson),,,,,,,,Nematinae,Pontania,,Nematinae | Nematini | Pontania,,4492116
B204:1:214,Pontania bridgmanii (Cameron),(Cameron),Pontania,,bridgmanii,,species,,B204:1,accepted,,,B204:1:189,Pontania O.,,,,,,Nematinae,Pontania,,Nematinae | Nematini | Pontania,,4492137
B204:1:215,Pontania capreae L.,L.,Pontania,,capreae,,species,auctt. nec L. in part,B204:1,heterotypic synonym,B204:1:214,Pontania bridgmanii (Cameron),,,,,,,,Nematinae,Pontania,,Nematinae | Nematini | Pontania,,11274865
B204:1:216,Pontania proxima (Lepeletier),(Lepeletier),Pontania,,proxima,,species,,B204:1,accepted,,,B204:1:189,Pontania O.,,,,,,Nematinae,Pontania,,Nematinae | Nematini | Pontania,,10917919
B204:1:217,Pontania capreae L.,L.,Pontania,,capreae,,species,auctt. nec L. in part,B204:1,heterotypic synonym,B204:1:216,Pontania proxima (Lepeletier),,,,,,,,Nematinae,Pontania,,Nematinae | Nematini | Pontania,,11274865
B204:1:218,Pontania gallicola Stephens,Stephens,Pontania,,gallicola,,species,,B204:1,synonym,B204:1:216,Pontania proxima (Lepeletier),,,,,,,,Nematinae,Pontania,,Nematinae | Nematini | Pontania,63Q76,1249675
B204:1:219,Hoplocampa gallicola Cameron,Cameron,Hoplocampa,,gallicola,,species,,B204:1,synonym,B204:1:216,Pontania proxima (Lepeletier),,,,,,,,Nematinae,Pontania,,Nematinae | Nematini | Pontania,,9385684
B204:1:220,Euura flavipes Cameron,Cameron,Euura,,flavipes,,species,,B204:1,synonym,B204:1:216,Pontania proxima (Lepeletier),,,,,,,,Nematinae,Pontania,,Nematinae | Nematini | Pontania,,9248441
B204:1:221,Pontania triandrae Benson,Benson,Pontania,,triandrae,,species,,B204:1,accepted,,,B204:1:189,Pontania O.,,,,,,Nematinae,Pontania,,Nematinae | Nematini | Pontania,,4492136
B204:1:222,Pontania capreae L.,L.,Pontania,,capreae,,species,auctt. nec L. in part,B204:1,heterotypic synonym,B204:1:221,Pontania triandrae Benson,,,,,,,,Nematinae,Pontania,,Nematinae | Nematini | Pontania,,11274865
B204:1:223,Pontania pedunculi (Hartig),(Hartig),Pontania,,pedunculi,,species,,B204:1,accepted,,,B204:1:189,Pontania O.,,,,,,Nematinae,Pontania,,Nematinae | Nematini | Pontania,,4492096
B204:1:224,Pontania baccarum Cameron,Cameron,Pontania,,baccarum,,species,,B204:1,synonym,B204:1:223,Pontania pedunculi (Hartig),,,,,,,,Nematinae,Pontania,,Nematinae | Nematini | Pontania,,11341360
B204:1:225,Pontania bellus Zaddach,Zaddach,Pontania,,bellus,,species,,B204:1,synonym,B204:1:223,Pontania pedunculi (Hartig),,,,,,,,Nematinae,Pontania,,Nematinae | Nematini | Pontania,,4492090
B204:1:226,Pontania dolichura (C. G. Thomson),(C. G. Thomson),Pontania,,dolichura,,species,,B204:1,accepted,,,B204:1:189,Pontania O.,,,,,,Nematinae,Pontania,,Nematinae | Nematini | Pontania,,4492126
B204:1:227,Pontania ischnocerus Thomson in Cameron,Thomson in Cameron,Pontania,,ischnocerus,,species,nec Thomson,B204:1,synonym,B204:1:226,Pontania dolichura (C. G. Thomson),,,,,,,,Nematinae,Pontania,,Nematinae | Nematini | Pontania,63Q76,1249675
B204:1:228,Pontania femoralis Cameron,Cameron,Pontania,,femoralis,,species,,B204:1,synonym,B204:1:226,Pontania dolichura (C. G. Thomson),,,,,,,,Nematinae,Pontania,,Nematinae | Nematini | Pontania,,11303520
B204:1:229,Pontania robbinsi Benson,Benson,Pontania,,robbinsi,,species,,B204:1,synonym,B204:1:226,Pontania dolichura (C. G. Thomson),,,,,,,,Nematinae,Pontania,,Nematinae | Nematini | Pontania,,11249096
B204:1:230,Pontania harrisoni Benson,Benson,Pontania,,harrisoni,,species,,B204:1,accepted,,,B204:1:189,Pontania O.,,,,,,Nematinae,Pontania,,Nematinae | Nematini | Pontania,,4492102
B204:1:231,Pontania viminalis (L.),(L.),Pontania,,viminalis,,species,,B204:1,accepted,,,B204:1:189,Pontania O.,,,,,,Nematinae,Pontania,,Nematinae | Nematini | Pontania,,4492117
B204:1:232,Pontania salicis-cinereae Retzius,Retzius,Pontania,,salicis-cinereae,,species,,B204:1,synonym,B204:1:231,Pontania viminalis (L.),,,,,,,,Nematinae,Pontania,,Nematinae | Nematini | Pontania,,8568744
B204:1:233,Pontania vollenhoveni Cameron,Cameron,Pontania,,vollenhoveni,,species,,B204:1,synonym,B204:1:231,Pontania viminalis (L.),,,,,,,,Nematinae,Pontania,,Nematinae | Nematini | Pontania,63Q76,1249675
B204:1:234,Pontania interstitialis Cameron,Cameron,Pontania,,interstitialis,,species,,B204:1,synonym,B204:1:231,Pontania viminalis (L.),,,,,,,,Nematinae,Pontania,,Nematinae | Nematini | Pontania,,11245336
B204:1:235,Pontania tuberculata (Benson),(Benson),Pontania,,tuberculata,,species,,B204:1,accepted,,,B204:1:189,Pontania O.,,,,,,Nematinae,Pontania,,Nematinae | Nematini | Pontania,,4492124
B204:1:236,Pontania arcticornis Konow,Konow,Pontania,,arcticornis,,species,,B204:1,accepted,,,B204:1:189,Pontania O.,,,,,,Nematinae,Pontania,,Nematinae | Nematini | Pontania,,4492104
B204:1:237,Pontania phylicifoliae Forsius,Forsius,Pontania,,phylicifoliae,,species,,B204:1,synonym,B204:1:236,Pontania arcticornis Konow,,,,,,,,Nematinae,Pontania,,Nematinae | Nematini | Pontania,,11330861
B204:1:238,Pontania collactanea (Förster),(Förster),Pontania,,collactanea,,species,,B204:1,accepted,,,B204:1:189,Pontania O.,,,,,,Nematinae,Pontania,,Nematinae | Nematini | Pontania,,4492105
B204:1:239,Pontania vacciniellus Cameron,Cameron,Pontania,,vacciniellus,,species,,B204:1,synonym,B204:1:238,Pontania collactanea (Förster),,,,,,,,Nematinae,Pontania,,Nematinae | Nematini | Pontania,,11225819
B204:1:240,Croesus Leach,Leach,,,,,genus,,B204:1,accepted,,,B204:1:18,Nematini,,,,,,Nematinae,Croesus,,Nematinae | Nematini,3W43,1249665
B204:1:241,Croesus septentrionalis (L.),(L.),Croesus,,septentrionalis,,species,,B204:1,accepted,,,B204:1:240,Croesus Leach,,,,,,Nematinae,Croesus,,Nematinae | Nematini | Croesus,,8096536
B204:1:242,Croesus latipes (Villaret),(Villaret),Croesus,,latipes,,species,,B204:1,accepted,,,B204:1:240,Croesus Leach,,,,,,Nematinae,Croesus,,Nematinae | Nematini | Croesus,,9556309
B204:1:243,Croesus varus (Villaret),(Villaret),Croesus,,varus,,species,,B204:1,accepted,,,B204:1:240,Croesus Leach,,,,,,Nematinae,Croesus,,Nematinae | Nematini | Croesus,,8522578
B204:1:244,Croesus brischkei (Zaddach),(Zaddach),Croesus,,brischkei,,species,,B204:1,accepted,,,B204:1:240,Croesus Leach,,,,,,Nematinae,Croesus,,Nematinae | Nematini | Croesus,,9358858
B204:1:245,Nematus Panzer,Panzer,,,,,genus,,B204:1,accepted,,,B204:1:18,Nematini,,,,,,Nematinae,Nematus,,Nematinae | Nematini,5YHC,1249701
B204:1:246,Holcocneme,,,,,,genus,,B204:1,synonym,B204:1:245,Nematus Panzer,,,,,,,,Nematinae,Holcocneme,,Nematinae | Nematini,,4682534
B204:1:247,Pteronidea,,,,,,genus,,B204:1,synonym,B204:1:245,Nematus Panzer,,,,,,,,Nematinae,Pteronidea,,Nematinae | Nematini,,4572886
B204:1:248,Nematus nubium (Benson),(Benson),Nematus,,nubium,,species,,B204:1,accepted,,,B204:1:245,Nematus Panzer,,,,,,Nematinae,Nematus,,Nematinae | Nematini | Nematus,,4491374
B204:1:249,Nematus reticulatus Holmgren,Holmgren,Nematus,,reticulatus,,species,,B204:1,accepted,,,B204:1:245,Nematus Panzer,,,,,,Nematinae,Nematus,,Nematinae | Nematini | Nematus,,4491413
B204:1:250,Nematus forsiusi Enslin,Enslin,Nematus,,forsiusi,,species,,B204:1,synonym,B204:1:249,Nematus reticulatus Holmgren,,,,,,,,Nematinae,Nematus,,Nematinae | Nematini | Nematus,5YHC,1249701
B204:1:251,Nematus alsius Benson,Benson,Nematus,,alsius,,species,,B204:1,synonym,B204:1:249,Nematus reticulatus Holmgren,,,,,,,,Nematinae,Nematus,,Nematinae | Nematini | Nematus,5YHC,1249701
B204:1:252,Nematus lucidus (Panzer),(Panzer),Nematus,,lucidus,,species,,B204:1,accepted,,,B204:1:245,Nematus Panzer,,,,,,Nematinae,Nematus,,Nematinae | Nematini | Nematus,,4491206
B204:1:253,Holcocneme lucida (Panzer),(Panzer),Holcocneme,,lucida,,species,,B204:1,synonym,B204:1:252,Nematus lucidus (Panzer),,,,,,,,Nematinae,Nematus,,Nematinae | Nematini | Nematus,,11007145
B204:1:254,Nematus salicis (L.),(L.),Nematus,,salicis,,species,,B204:1,accepted,,,B204:1:245,Nematus Panzer,,,,,,Nematinae,Nematus,,Nematinae | Nematini | Nematus,,4491317
B204:1:255,Nematus melanocephalus Hartig,Hartig,Nematus,,melanocephalus,,species,,B204:1,accepted,,,B204:1:245,Nematus Panzer,,,,,,Nematinae,Nematus,,Nematinae | Nematini | Nematus,,4491283
B204:1:256,Nematus umbratus Thomson,Thomson,Nematus,,umbratus,,species,,B204:1,accepted,,,B204:1:245,Nematus Panzer,,,,,,Nematinae,Nematus,,Nematinae | Nematini | Nematus,,4491260
B204:1:257,Nematus similis Forsius,Forsius,Nematus,,similis,,species,,B204:1,synonym,B204:1:256,Nematus umbratus Thomson,,,,,,,,Nematinae,Nematus,,Nematinae | Nematini | Nematus,5YHC,1249701
B204:1:258,Nematus collinus Cameron,Cameron,Nematus,,collinus,,species,,B204:1,synonym,B204:1:256,Nematus umbratus Thomson,,,,,,,,Nematinae,Nematus,,Nematinae | Nematini | Nematus,,9431411
B204:1:259,Nematus olfaciens Benson,Benson,Nematus,,olfaciens,,species,,B204:1,accepted,,,B204:1:245,Nematus Panzer,,,,,,Nematinae,Nematus,,Nematinae | Nematini | Nematus,,4491198
B204:1:260,Nematus ribesii (Scopoli),(Scopoli),Nematus,,ribesii,,species,,B204:1,accepted,,,B204:1:245,Nematus Panzer,,,,,,Nematinae,Nematus,,Nematinae | Nematini | Nematus,,1249702
B204:1:261,Nematus leucotroehus Hartig,Hartig,Nematus,,leucotroehus,,species,,B204:1,accepted,,,B204:1:245,Nematus Panzer,,,,,,Nematinae,Nematus,,Nematinae | Nematini | Nematus,,4491202
B204:1:262,Nematus consobrinus Vollenhoven,Vollenhoven,Nematus,,consobrinus,,species,,B204:1,synonym,B204:1:261,Nematus leucotroehus Hartig,,,,,,,,Nematinae,Nematus,,Nematinae | Nematini | Nematus,,9249920
B204:1:263,Nematus pavidus Lepeletier,Lepeletier,Nematus,,pavidus,,species,,B204:1,accepted,,,B204:1:245,Nematus Panzer,,,,,,Nematinae,Nematus,,Nematinae | Nematini | Nematus,,4491251
B204:1:264,Nematus jugicola C.,C.,Nematus,,jugicola,,species,G. Thomson,B204:1,accepted,,,B204:1:245,Nematus Panzer,,,,,,Nematinae,Nematus,,Nematinae | Nematini | Nematus,,4491347
B204:1:265,Nematus myosotidis Fallén,Fallén,Nematus,,myosotidis,,species,,B204:1,accepted,,,B204:1:245,Nematus Panzer,,,,,,Nematinae,Nematus,,Nematinae | Nematini | Nematus,,4491340
B204:1:266,Nematus monticola Thomson,Thomson,Nematus,,monticola,,species,,B204:1,accepted,,,B204:1:245,Nematus Panzer,,,,,,Nematinae,Nematus,,Nematinae | Nematini | Nematus,,4491363
B204:1:267,Nematus similator Förster in Morice,Förster in Morice,Nematus,,similator,,species,nec Förster,B204:1,synonym,B204:1:266,Nematus monticola Thomson,,,,,,,,Nematinae,Nematus,,Nematinae | Nematini | Nematus,,4491203
B204:1:268,Nematus bipartitus Lepeletier,Lepeletier,Nematus,,bipartitus,,species,,B204:1,accepted,,,B204:1:245,Nematus Panzer,,,,,,Nematinae,Nematus,,Nematinae | Nematini | Nematus,,11088359
B204:1:269,Nematus stichi (Enslin),(Enslin),Nematus,,stichi,,species,,B204:1,accepted,,,B204:1:245,Nematus Panzer,,,,,,Nematinae,Nematus,,Nematinae | Nematini | Nematus,,4491302
B204:1:270,Nematus fuscarima Benson,Benson,Nematus,,fuscarima,,species,,B204:1,synonym,B204:1:269,Nematus stichi (Enslin),,,,,,,,Nematinae,Nematus,,Nematinae | Nematini | Nematus,,4491303
B204:1:271,Nematus drosatus Cameron,Cameron,Nematus,,drosatus,,species,,B204:1,accepted,,,B204:1:245,Nematus Panzer,,,,,,Nematinae,Nematus,,Nematinae | Nematini | Nematus,5YHC,1249701
B204:1:272,Nematus flavescens Stephens,Stephens,Nematus,,flavescens,,species,,B204:1,accepted,,,B204:1:245,Nematus Panzer,,,,,,Nematinae,Nematus,,Nematinae | Nematini | Nematus,,4491255
B204:1:273,Nematus stichi Enslin,Enslin,Nematus,,stichi,,species,auctt. nec Enslin,B204:1,synonym,B204:1:272,Nematus flavescens Stephens,,,,,,,,Nematinae,Nematus,,Nematinae | Nematini | Nematus,,4491302
B204:1:274,Nematus fagi Zadd.,Zadd.,Nematus,,fagi,,species,,B204:1,accepted,,,B204:1:245,Nematus Panzer,,,,,,Nematinae,Nematus,,Nematinae | Nematini | Nematus,,4491331
B204:1:275,Nematus miliaris Panzer,Panzer,Nematus,,miliaris,,species,,B204:1,accepted,,,B204:1:245,Nematus Panzer,,,,,,Nematinae,Nematus,,Nematinae | Nematini | Nematus,,4491233
B204:1:276,Nematus cadderensis Cameron,Cameron,Nematus,,cadderensis,,species,,B204:1,accepted,,,B204:1:245,Nematus Panzer,,,,,,Nematinae,Nematus,,Nematinae | Nematini | Nematus,,4491261
B204:1:277,Nematus ferrugineus Förster,Förster,Nematus,,ferrugineus,,species,,B204:1,accepted,,,B204:1:245,Nematus Panzer,,,,,,Nematinae,Nematus,,Nematinae | Nematini | Nematus,,4491282
B204:1:278,Nematus glottianus Cam.,Cam.,Nematus,,glottianus,,species,,B204:1,synonym,B204:1:277,Nematus ferrugineus Förster,,,,,,,,Nematinae,Nematus,,Nematinae | Nematini | Nematus,,9623076
B204:1:279,Nematus leionotus (Benson),(Benson),Nematus,,leionotus,,species,,B204:1,accepted,,,B204:1:245,Nematus Panzer,,,,,,Nematinae,Nematus,,Nematinae | Nematini | Nematus,,4491249
B204:1:280,Nematus fåhraei C.,C.,Nematus,,fåhraei,,species,G. Thomson,B204:1,accepted,,,B204:1:245,Nematus Panzer,,,,,,Nematinae,Nematus,,Nematinae | Nematini | Nematus,,4491307
B204:1:281,Amauronematus fåhraei,,Amauronematus,,fåhraei,,species,,B204:1,synonym,B204:1:280,Nematus fåhraei C.,,,,,,,,Nematinae,Nematus,,Nematinae | Nematini | Nematus,,9272767
B204:1:282,Nematus nigricornis Lepeletier,Lepeletier,Nematus,,nigricornis,,species,,B204:1,accepted,,,B204:1:245,Nematus Panzer,,,,,,Nematinae,Nematus,,Nematinae | Nematini | Nematus,,4491316
B204:1:283,Nematus crassus (Fallén),(Fallén),Nematus,,crassus,,species,,B204:1,accepted,,,B204:1:245,Nematus Panzer,,,,,,Nematinae,Nematus,,Nematinae | Nematini | Nematus,,4491214
B204:1:284,Holocneme crassa,,Holocneme,,crassa,,species,,B204:1,synonym,B204:1:283,Nematus crassus (Fallén),,,,,,,,Nematinae,Nematus,,Nematinae | Nematini | Nematus,,10987019
B204:1:285,Nematus coeruleocarpus Hartig,Hartig,Nematus,,coeruleocarpus,,species,,B204:1,accepted,,,B204:1:245,Nematus Panzer,,,,,,Nematinae,Nematus,,Nematinae | Nematini | Nematus,,9305912
B204:1:286,Holocneme coeruleocarpa,,Holocneme,,coeruleocarpa,,species,,B204:1,synonym,B204:1:285,Nematus coeruleocarpus Hartig,,,,,,,,Nematinae,Nematus,,Nematinae | Nematini | Nematus,,
B204:1:287,Nematus spiraea Zaddach,Zaddach,Nematus,,spiraea,,species,,B204:1,accepted,,,B204:1:245,Nematus Panzer,,,,,,Nematinae,Nematus,,Nematinae | Nematini | Nematus,,4491328
B204:1:288,Nematus fuscomaculatus Förster,Förster,Nematus,,fuscomaculatus,,species,,B204:1,accepted,,,B204:1:245,Nematus Panzer,,,,,,Nematinae,Nematus,,Nematinae | Nematini | Nematus,,4491289
B204:1:289,Nematus strongylogaster Cameron,Cameron,Nematus,,strongylogaster,,species,,B204:1,synonym,B204:1:288,Nematus fuscomaculatus Förster,,,,,,,,Nematinae,Nematus,,Nematinae | Nematini | Nematus,,9411865
B204:1:290,Nematus incompletus Förster,Förster,Nematus,,incompletus,,species,,B204:1,accepted,,,B204:1:245,Nematus Panzer,,,,,,Nematinae,Nematus,,Nematinae | Nematini | Nematus,,4491217
B204:1:291,Nematus pulchellus Cameron,Cameron,Nematus,,pulchellus,,species,,B204:1,synonym,B204:1:290,Nematus incompletus Förster,,,,,,,,Nematinae,Nematus,,Nematinae | Nematini | Nematus,,9240609
B204:1:292,Nematus segmentarius Förster,Förster,Nematus,,segmentarius,,species,auctt. nec Förster,B204:1,synonym,B204:1:290,Nematus incompletus Förster,,,,,,,,Nematinae,Nematus,,Nematinae | Nematini | Nematus,,4491218
B204:1:293,Nematus tibialis Newman,Newman,Nematus,,tibialis,,species,,B204:1,accepted,,,B204:1:245,Nematus Panzer,,,,,,Nematinae,Nematus,,Nematinae | Nematini | Nematus,,4491358
B204:1:294,Nematus viridescens Cameron,Cameron,Nematus,,viridescens,,species,,B204:1,accepted,,,B204:1:245,Nematus Panzer,,,,,,Nematinae,Nematus,,Nematinae | Nematini | Nematus,,9474713
B204:1:295,Nematus poecilonotus,,Nematus,,poecilonotus,,species,auctt. nec Zaddach,B204:1,synonym,B204:1:294,Nematus viridescens Cameron,,,,,,,,Nematinae,Nematus,,Nematinae | Nematini | Nematus,,4491333
B204:1:296,Nematus palliatus Thomson in Cameron,Thomson in Cameron,Nematus,,palliatus,,species,in part,B204:1,heterotypic synonym,B204:1:294,Nematus viridescens Cameron,,,,,,,,Nematinae,Nematus,,Nematinae | Nematini | Nematus,,9606767
B204:1:297,Nematus melanaspis Hartig,Hartig,Nematus,,melanaspis,,species,,B204:1,accepted,,,B204:1:245,Nematus Panzer,,,,,,Nematinae,Nematus,,Nematinae | Nematini | Nematus,,4491308
B204:1:298,Nematus maculiger Cameron,Cameron,Nematus,,maculiger,,species,,B204:1,synonym,B204:1:297,Nematus melanaspis Hartig,,,,,,,,Nematinae,Nematus,,Nematinae | Nematini | Nematus,,9393229
B204:1:299,Nematus hypoxanthus Förster,Förster,Nematus,,hypoxanthus,,species,,B204:1,accepted,,,B204:1:245,Nematus Panzer,,,,,,Nematinae,Nematus,,Nematinae | Nematini | Nematus,,4491241
B204:1:300,Nematus orbitalis Cameron,Cameron,Nematus,,orbitalis,,species,,B204:1,synonym,B204:1:299,Nematus hypoxanthus Förster,,,,,,,,Nematinae,Nematus,,Nematinae | Nematini | Nematus,,9473075
B204:1:301,Nematus bergmanni Dahlbom,Dahlbom,Nematus,,bergmanni,,species,,B204:1,accepted,,,B204:1:245,Nematus Panzer,,,,,,Nematinae,Nematus,,Nematinae | Nematini | Nematus,,4491277
B204:1:302,Nematus curtispina Thomson,Thomson,Nematus,,curtispina,,species,,B204:1,synonym,B204:1:301,Nematus bergmanni Dahlbom,,,,,,,,Nematinae,Nematus,,Nematinae | Nematini | Nematus,,4491280
B204:1:303,Nematus viridis Stephens,Stephens,Nematus,,viridis,,species,,B204:1,accepted,,,B204:1:245,Nematus Panzer,,,,,,Nematinae,Nematus,,Nematinae | Nematini | Nematus,,4491343
B204:1:304,Nematus bergmanni Dahlbom,Dahlbom,Nematus,,bergmanni,,species,auctt. nec Dahlbom,B204:1,synonym,B204:1:303,Nematus viridis Stephens,,,,,,,,Nematinae,Nematus,,Nematinae | Nematini | Nematus,,4491277
B204:1:305,Nematus brevivalvis Thomson in Konow,Thomson in Konow,Nematus,,brevivalvis,,species,nec Thomson,B204:1,synonym,B204:1:303,Nematus viridis Stephens,,,,,,,,Nematinae,Nematus,,Nematinae | Nematini | Nematus,,4491313
B204:1:306,Nematus dispar Zaddach,Zaddach,Nematus,,dispar,,species,auctt. brit. nec Zaddach,B204:1,synonym,B204:1:303,Nematus viridis Stephens,,,,,,,,Nematinae,Nematus,,Nematinae | Nematini | Nematus,,4491322
B204:1:307,Nematus polyspilus Förster,Förster,Nematus,,polyspilus,,species,,B204:1,accepted,,,B204:1:245,Nematus Panzer,,,,,,Nematinae,Nematus,,Nematinae | Nematini | Nematus,,4491321
B204:1:308,Nematus glutinosae Cameron,Cameron,Nematus,,glutinosae,,species,,B204:1,synonym,B204:1:307,Nematus polyspilus Förster,,,,,,,,Nematinae,Nematus,,Nematinae | Nematini | Nematus,,9433280
B204:1:309,Nematus brevivalvis C.,C.,Nematus,,brevivalvis,,species,G. Thomson nec brevivalvis Thomson in Konow,B204:1,accepted,,,B204:1:245,Nematus Panzer,,,,,,Nematinae,Nematus,,Nematinae | Nematini | Nematus,,4491313
B204:1:310,Nematus oligospilus Förster,Förster,Nematus,,oligospilus,,species,,B204:1,accepted,,,B204:1:245,Nematus Panzer,,,,,,Nematinae,Nematus,,Nematinae | Nematini | Nematus,,4491349
B204:1:311,Nematus salicivorus Cameron,Cameron,Nematus,,salicivorus,,species,,B204:1,synonym,B204:1:310,Nematus oligospilus Förster,,,,,,,,Nematinae,Nematus,,Nematinae | Nematini | Nematus,,9591460
B204:1:312,Nematus sylvestris Cameron,Cameron,Nematus,,sylvestris,,species,,B204:1,synonym,B204:1:310,Nematus oligospilus Förster,,,,,,,,Nematinae,Nematus,,Nematinae | Nematini | Nematus,,7349836
B204:1:313,Nematus miliaris Panzer in Cameron,Panzer in Cameron,Nematus,,miliaris,,species,nec Panzer,B204:1,synonym,B204:1:310,Nematus oligospilus Förster,,,,,,,,Nematinae,Nematus,,Nematinae | Nematini | Nematus,,4491233
B204:1:314,Nematus capreae L.,L.,Nematus,,capreae,,species,auctt. brit. nec L.,B204:1,synonym,B204:1:310,Nematus oligospilus Förster,,,,,,,,Nematinae,Nematus,,Nematinae | Nematini | Nematus,,5868089
B204:1:315,Nematus ponojense (Hellén),(Hellén),Nematus,,ponojense,,species,,B204:1,accepted,,,B204:1:245,Nematus Panzer,,,,,,Nematinae,Nematus,,Nematinae | Nematini | Nematus,,11354482
B204:1:316,Nematus frenalis C.,C.,Nematus,,frenalis,,species,G. Thomson,B204:1,accepted,,,B204:1:245,Nematus Panzer,,,,,,Nematinae,Nematus,,Nematinae | Nematini | Nematus,,4491232
B204:1:317,Nematus fastosus Konow,Konow,Nematus,,fastosus,,species,,B204:1,synonym,B204:1:316,Nematus frenalis C.,,,,,,,,Nematinae,Nematus,,Nematinae | Nematini | Nematus,,11240751
B204:1:318,Pachynematus Konow,Konow,,,,,genus,,B204:1,accepted,,,B204:1:18,Nematini,,,,,,Nematinae,Pachynematus,,Nematinae | Nematini,6BW6,1249673
B204:1:319,Pachynematus imperfectus (Zaddach),(Zaddach),Pachynematus,,imperfectus,,species,nec imperfectus Zaddach in Cameron,B204:1,accepted,,,B204:1:318,Pachynematus Konow,,,,,,Nematinae,Pachynematus,,Nematinae | Nematini | Pachynematus,,4491828
B204:1:320,Pachynematus montanus (Zaddach),(Zaddach),Pachynematus,,montanus,,species,,B204:1,accepted,,,B204:1:318,Pachynematus Konow,,,,,,Nematinae,Pachynematus,,Nematinae | Nematini | Pachynematus,,4491837
B204:1:321,Pachynematus scutellatus (Hartig),(Hartig),Pachynematus,,scutellatus,,species,,B204:1,accepted,,,B204:1:318,Pachynematus Konow,,,,,,Nematinae,Pachynematus,,Nematinae | Nematini | Pachynematus,,4491833
B204:1:322,Pachynematus obductus (Hartig),(Hartig),Pachynematus,,obductus,,species,in obductus Hartig in Cameron,B204:1,accepted,,,B204:1:318,Pachynematus Konow,,,,,,Nematinae,Pachynematus,,Nematinae | Nematini | Pachynematus,,4491789
B204:1:323,Pachynematus conductus Ruthe,Ruthe,Pachynematus,,conductus,,species,,B204:1,synonym,B204:1:322,Pachynematus obductus (Hartig),,,,,,,,Nematinae,Pachynematus,,Nematinae | Nematini | Pachynematus,6BW6,1249673
B204:1:324,Pachynematus graminis Cameron,Cameron,Pachynematus,,graminis,,species,,B204:1,synonym,B204:1:322,Pachynematus obductus (Hartig),,,,,,,,Nematinae,Pachynematus,,Nematinae | Nematini | Pachynematus,6BW6,1249673
B204:1:325,Pachynematus palliventris Cresson,Cresson,Pachynematus,,palliventris,,species,,B204:1,synonym,B204:1:322,Pachynematus obductus (Hartig),,,,,,,,Nematinae,Pachynematus,,Nematinae | Nematini | Pachynematus,6BW6,1249673
B204:1:326,Pachynematus vagus (Fabricius),(Fabricius),Pachynematus,,vagus,,species,,B204:1,accepted,,,B204:1:318,Pachynematus Konow,,,,,,Nematinae,Pachynematus,,Nematinae | Nematini | Pachynematus,,4491772
B204:1:327,Pachynematus leucogaster Hartig,Hartig,Pachynematus,,leucogaster,,species,,B204:1,synonym,B204:1:326,Pachynematus vagus (Fabricius),,,,,,,,Nematinae,Pachynematus,,Nematinae | Nematini | Pachynematus,6BW6,1249673
B204:1:328,Pachynematus corticosus MacGillivray,MacGillivray,Pachynematus,,corticosus,,species,syn. nov.,B204:1,synonym,B204:1:326,Pachynematus vagus (Fabricius),,,,,,,,Nematinae,Pachynematus,,Nematinae | Nematini | Pachynematus,,9611956
B204:1:329,Pachynematus albipennis (Hartig),(Hartig),Pachynematus,,albipennis,,species,,B204:1,accepted,,,B204:1:318,Pachynematus Konow,,,,,,Nematinae,Pachynematus,,Nematinae | Nematini | Pachynematus,,4491815
B204:1:330,Pachynematus rumicis (Linné),(Linné),Pachynematus,,rumicis,,species,,B204:1,accepted,,,B204:1:318,Pachynematus Konow,,,,,,Nematinae,Pachynematus,,Nematinae | Nematini | Pachynematus,,4491807
B204:1:331,Pachynematus flavipennis Cameron,Cameron,Pachynematus,,flavipennis,,species,,B204:1,synonym,B204:1:330,Pachynematus rumicis (Linné),,,,,,,,Nematinae,Pachynematus,,Nematinae | Nematini | Pachynematus,,11368164
B204:1:332,Pachynematus arcticus Thomson in Cameron,Thomson in Cameron,Pachynematus,,arcticus,,species,nec Thoms.,B204:1,synonym,B204:1:330,Pachynematus rumicis (Linné),,,,,,,,Nematinae,Pachynematus,,Nematinae | Nematini | Pachynematus,,11312002
B204:1:333,Pachynematus rumicis Fallén,Fallén,Pachynematus,,rumicis,,species,,B204:1,synonym,B204:1:330,Pachynematus rumicis (Linné),,,,,,,,Nematinae,Pachynematus,,Nematinae | Nematini | Pachynematus,,10462797
B204:1:334,Pachynematus clibrichellus (Cameron),(Cameron),Pachynematus,,clibrichellus,,species,,B204:1,accepted,,,B204:1:318,Pachynematus Konow,,,,,,Nematinae,Pachynematus,,Nematinae | Nematini | Pachynematus,,4491782
B204:1:335,Pachynematus thomsoni Cameron,Cameron,Pachynematus,,thomsoni,,species,,B204:1,synonym,B204:1:334,Pachynematus clibrichellus (Cameron),,,,,,,,Nematinae,Pachynematus,,Nematinae | Nematini | Pachynematus,6BW6,1249673
B204:1:336,Pachynematus clibrichensis Cameron,Cameron,Pachynematus,,clibrichensis,,species,,B204:1,synonym,B204:1:334,Pachynematus clibrichellus (Cameron),,,,,,,,Nematinae,Pachynematus,,Nematinae | Nematini | Pachynematus,6BW6,1249673
B204:1:337,Pachynematus pubescens Marlatt,Marlatt,Pachynematus,,pubescens,,species,,B204:1,synonym,B204:1:334,Pachynematus clibrichellus (Cameron),,,,,,,,Nematinae,Pachynematus,,Nematinae | Nematini | Pachynematus,6BW6,1249673
B204:1:338,Pachynematus moerens (Förster),(Förster),Pachynematus,,moerens,,species,,B204:1,accepted,,,B204:1:318,Pachynematus Konow,,,,,,Nematinae,Pachynematus,,Nematinae | Nematini | Pachynematus,,4491778
B204:1:339,Pachynematus pleuralis Thomson,Thomson,Pachynematus,,pleuralis,,species,,B204:1,synonym,B204:1:338,Pachynematus moerens (Förster),,,,,,,,Nematinae,Pachynematus,,Nematinae | Nematini | Pachynematus,6BW6,1249673
B204:1:340,Pachynematus falonus Ross,Ross,Pachynematus,,falonus,,species,,B204:1,synonym,B204:1:338,Pachynematus moerens (Förster),,,,,,,,Nematinae,Pachynematus,,Nematinae | Nematini | Pachynematus,,9465501
B204:1:341,Pachynematus apicalis (Hartig),(Hartig),Pachynematus,,apicalis,,species,,B204:1,accepted,,,B204:1:318,Pachynematus Konow,,,,,,Nematinae,Pachynematus,,Nematinae | Nematini | Pachynematus,,8551073
B204:1:342,Pachynematus truncatus Benson,Benson,Pachynematus,,truncatus,,species,,B204:1,accepted,,,B204:1:318,Pachynematus Konow,,,,,,Nematinae,Pachynematus,,Nematinae | Nematini | Pachynematus,,4491757
B204:1:343,Pachynematus smithiae Ross,Ross,Pachynematus,,smithiae,,species,,B204:1,accepted,,,B204:1:318,Pachynematus Konow,,,,,,Nematinae,Pachynematus,,Nematinae | Nematini | Pachynematus,,4491792
B204:1:344,Pachynematus kirbyi (Dahlbom),(Dahlbom),Pachynematus,,kirbyi,,species,,B204:1,accepted,,,B204:1:318,Pachynematus Konow,,,,,,Nematinae,Pachynematus,,Nematinae | Nematini | Pachynematus,,5868167
B204:1:345,Pachynematus diaphanus Eversmann,Eversmann,Pachynematus,,diaphanus,,species,,B204:1,synonym,B204:1:344,Pachynematus kirbyi (Dahlbom),,,,,,,,Nematinae,Pachynematus,,Nematinae | Nematini | Pachynematus,6BW6,1249673
B204:1:346,Pachynematus flaviventris Hartig,Hartig,Pachynematus,,flaviventris,,species,,B204:1,synonym,B204:1:344,Pachynematus kirbyi (Dahlbom),,,,,,,,Nematinae,Pachynematus,,Nematinae | Nematini | Pachynematus,6BW6,1249673
B204:1:347,Pachynematus turgidus Zaddach,Zaddach,Pachynematus,,turgidus,,species,,B204:1,synonym,B204:1:344,Pachynematus kirbyi (Dahlbom),,,,,,,,Nematinae,Pachynematus,,Nematinae | Nematini | Pachynematus,6BW6,1249673
B204:1:348,Pachynematus umbripennis Eversmann,Eversmann,Pachynematus,,umbripennis,,species,,B204:1,synonym,B204:1:344,Pachynematus kirbyi (Dahlbom),,,,,,,,Nematinae,Pachynematus,,Nematinae | Nematini | Pachynematus,6BW6,1249673
B204:1:349,Pachynematus zaddachi Konow,Konow,Pachynematus,,zaddachi,,species,,B204:1,synonym,B204:1:344,Pachynematus kirbyi (Dahlbom),,,,,,,,Nematinae,Pachynematus,,Nematinae | Nematini | Pachynematus,,4491764
B204:1:350,Pachynematus suadus Cresson,Cresson,Pachynematus,,suadus,,species,,B204:1,synonym,B204:1:344,Pachynematus kirbyi (Dahlbom),,,,,,,,Nematinae,Pachynematus,,Nematinae | Nematini | Pachynematus,6BW6,1249673
B204:1:351,Pachynematus clitellatus (Lepeletier),(Lepeletier),Pachynematus,,clitellatus,,species,,B204:1,accepted,,,B204:1:318,Pachynematus Konow,,,,,,Nematinae,Pachynematus,,Nematinae | Nematini | Pachynematus,,10929277
B204:1:352,Pachynematus capreae Panzer,Panzer,Pachynematus,,capreae,,species,,B204:1,synonym,B204:1:351,Pachynematus clitellatus (Lepeletier),,,,,,,,Nematinae,Pachynematus,,Nematinae | Nematini | Pachynematus,6BW6,1249673
B204:1:353,Pachynematus trisignatus Förster,Förster,Pachynematus,,trisignatus,,species,,B204:1,synonym,B204:1:351,Pachynematus clitellatus (Lepeletier),,,,,,,,Nematinae,Pachynematus,,Nematinae | Nematini | Pachynematus,,8663604
B204:1:354,Pachynematus xanthocarpus (Hartig),(Hartig),Pachynematus,,xanthocarpus,,species,,B204:1,accepted,,,B204:1:318,Pachynematus Konow,,,,,,Nematinae,Pachynematus,,Nematinae | Nematini | Pachynematus,,6097040
B204:1:355,Pachynematus sulcatus Benson,Benson,Pachynematus,,sulcatus,,species,,B204:1,accepted,,,B204:1:318,Pachynematus Konow,,,,,,Nematinae,Pachynematus,,Nematinae | Nematini | Pachynematus,,4491786
B204:1:356,Pachynematus calcicola Benson,Benson,Pachynematus,,calcicola,,species,,B204:1,accepted,,,B204:1:318,Pachynematus Konow,,,,,,Nematinae,Pachynematus,,Nematinae | Nematini | Pachynematus,,4491774
B204:1:357,Pachynematus chambersi Benson,Benson,Pachynematus,,chambersi,,species,,B204:1,accepted,,,B204:1:318,Pachynematus Konow,,,,,,Nematinae,Pachynematus,,Nematinae | Nematini | Pachynematus,,4491787