scientificNameID,scientificName,scientificNameAuthorship,genericName,infragenericEpithet,specificEpithet,infraspecificEpithet,taxonRank,taxonRemarks,collectionCode,taxonomicStatus,acceptedNameUsageID,acceptedNameUsage,parentNameUsageID,parentNameUsage,kingdom,phylum,class,order,family,subfamily,genus,subgenus,higherClassification,verbatimIdentification,dynamicProperties,colTaxonID,gbifTaxonID,colAcceptedTaxonID,gbifAcceptedTaxonID
B2372:2:1,Pentatomidae,,,,,,family,,B2372:2,accepted,,,,,,,,,Pentatomidae,,,,,Pentatomidae,,BXWJD,9650,BXWJD,9650
B2372:2:2,Plataspinae,,,,,,subfamily,,B2372:2,accepted,,,B2372:2:1,Pentatomidae,,,,,Pentatomidae,Plataspinae,,,Pentatomidae,Plataspinae,,,,,
B2372:2:3,Coptosoma Lap.,Lap.,,,,,genus,,B2372:2,accepted,,,B2372:2:2,Plataspinae,,,,,Pentatomidae,Plataspinae,Coptosoma,,Pentatomidae | Plataspinae,Coptosoma Lap.,,,3265959,,3265959
B2372:2:4,Coptosoma globus Fab.,Fab.,Coptosoma,,globus,,species,,B2372:2,accepted,,,B2372:2:3,Coptosoma Lap.,,,,,Pentatomidae,Plataspinae,Coptosoma,,Pentatomidae | Plataspinae | Coptosoma,globus Fab.,,,12113477,,6096723
B2372:2:5,Scutellerinae,,,,,,subfamily,,B2372:2,accepted,,,B2372:2:1,Pentatomidae,,,,,Pentatomidae,Scutellerinae,,,Pentatomidae,Scutellerinae,,,,,
B2372:2:6,Odontoscelis Lap.,Lap.,,,,,genus,,B2372:2,accepted,,,B2372:2:5,Scutellerinae,,,,,Pentatomidae,Scutellerinae,Odontoscelis,,Pentatomidae | Scutellerinae,Odontoscelis Lap.,,8LQJK,2079364,8KW79,2079364
B2372:2:7,Odontoscelis fuliginosa Lin.,Lin.,Odontoscelis,,fuliginosa,,species,,B2372:2,accepted,,,B2372:2:6,Odontoscelis Lap.,,,,,Pentatomidae,Scutellerinae,Odontoscelis,,Pentatomidae | Scutellerinae | Odontoscelis,fuliginosa Lin.,,,5758780,,5758780
B2372:2:8,Odontoscelis dorsalis Fab.,Fab.,Odontoscelis,,dorsalis,,species,,B2372:2,accepted,,,B2372:2:6,Odontoscelis Lap.,,,,,Pentatomidae,Scutellerinae,Odontoscelis,,Pentatomidae | Scutellerinae | Odontoscelis,dorsalis Fab.,,,5758783,,5758782
B2372:2:9,Psacasta Germ.,Germ.,,,,,genus,,B2372:2,accepted,,,B2372:2:5,Scutellerinae,,,,,Pentatomidae,Scutellerinae,Psacasta,,Pentatomidae | Scutellerinae,Psacasta Germ.,,,4404628,,4404628
B2372:2:10,Psacasta exanthematica Scop.,Scop.,Psacasta,,exanthematica,,species,,B2372:2,accepted,,,B2372:2:9,Psacasta Germ.,,,,,Pentatomidae,Scutellerinae,Psacasta,,Pentatomidae | Scutellerinae | Psacasta,exanthematica Scop.,,,4486072,,4486072
B2372:2:11,Phimodera Germ.,Germ.,,,,,genus,,B2372:2,accepted,,,B2372:2:5,Scutellerinae,,,,,Pentatomidae,Scutellerinae,Phimodera,,Pentatomidae | Scutellerinae,Phimodera Germ.,,,2079352,,2079352
B2372:2:12,Phimodera galgulina A. S.,A. S.,Phimodera,,galgulina,,species,,B2372:2,accepted,,,B2372:2:11,Phimodera Germ.,,,,,Pentatomidae,Scutellerinae,Phimodera,,Pentatomidae | Scutellerinae | Phimodera,galgulina A. S.,,,2079354,,2079354
B2372:2:13,Odontotarsus Lap.,Lap.,,,,,genus,,B2372:2,accepted,,,B2372:2:5,Scutellerinae,,,,,Pentatomidae,Scutellerinae,Odontotarsus,,Pentatomidae | Scutellerinae,Odontotarsus Lap.,,,4486008,,4486008
B2372:2:14,Odontotarsus grammicus Lin.,Lin.,Odontotarsus,,grammicus,,species,,B2372:2,accepted,,,B2372:2:13,Odontotarsus Lap.,,,,,Pentatomidae,Scutellerinae,Odontotarsus,,Pentatomidae | Scutellerinae | Odontotarsus,grammicus Lin.,,,4486019,,4486019
B2372:2:15,Eurygaster Lap.,Lap.,,,,,genus,,B2372:2,accepted,,,B2372:2:5,Scutellerinae,,,,,Pentatomidae,Scutellerinae,Eurygaster,,Pentatomidae | Scutellerinae,Eurygaster Lap.,,BXWJH,2079334,BYMGM,2079334
B2372:2:16,Eurygaster maura Lin.,Lin.,Eurygaster,,maura,,species,,B2372:2,accepted,,,B2372:2:15,Eurygaster Lap.,,,,,Pentatomidae,Scutellerinae,Eurygaster,,Pentatomidae | Scutellerinae | Eurygaster,maura Lin.,,,5758789,,5758789
B2372:2:17,Eurygaster maura var. picta Fab.,Fab.,Eurygaster,,maura,picta,variety,,B2372:2,accepted,,,B2372:2:16,Eurygaster maura Lin.,,,,,Pentatomidae,Scutellerinae,Eurygaster,,Pentatomidae | Scutellerinae | Eurygaster | Eurygaster maura,var. picta Fab.,,,10388368,,5758789
B2372:2:18,Eurygaster maura var. nigra Fieb.,Fieb.,Eurygaster,,maura,nigra,variety,,B2372:2,accepted,,,B2372:2:16,Eurygaster maura Lin.,,,,,Pentatomidae,Scutellerinae,Eurygaster,,Pentatomidae | Scutellerinae | Eurygaster | Eurygaster maura,var. nigra Fieb.,,,,,
B2372:2:19,Eurygaster hottentota Fab.,Fab.,Eurygaster,,hottentota,,species,,B2372:2,accepted,,,B2372:2:15,Eurygaster Lap.,,,,,Pentatomidae,Scutellerinae,Eurygaster,,Pentatomidae | Scutellerinae | Eurygaster,hottentota Fab.,,,5160030,,5758791
B2372:2:20,Eurygaster hottentota var. nigra Fieb.,Fieb.,Eurygaster,,hottentota,nigra,variety,,B2372:2,accepted,,,B2372:2:19,Eurygaster hottentota Fab.,,,,,Pentatomidae,Scutellerinae,Eurygaster,,Pentatomidae | Scutellerinae | Eurygaster | Eurygaster hottentota,var. nigra Fieb.,,,,,
B2372:2:21,Graphosoma,,,,,,genus,,B2372:2,accepted,,,B2372:2:5,Scutellerinae,,,,,Pentatomidae,Scutellerinae,Graphosoma,,Pentatomidae | Scutellerinae,Graphosoma,,,4405318,,4405318
B2372:2:22,Podops,,,,,,genus,,B2372:2,accepted,,,B2372:2:5,Scutellerinae,,,,,Pentatomidae,Scutellerinae,Podops,,Pentatomidae | Scutellerinae,Podops,,,8882580,,8882580
B2372:2:23,Corimelaena,,,,,,genus,,B2372:2,accepted,,,B2372:2:5,Scutellerinae,,,,,Pentatomidae,Scutellerinae,Corimelaena,,Pentatomidae | Scutellerinae,Corimelaena,,,2079408,,2079408
B2372:2:24,Pentatominae,,,,,,subfamily,,B2372:2,accepted,,,B2372:2:1,Pentatomidae,,,,,Pentatomidae,Pentatominae,,,Pentatomidae,Pentatominae,,,,,
B2372:2:25,Cydnini,,,,,,tribe,,B2372:2,accepted,,,B2372:2:24,Pentatominae,,,,,Pentatomidae,Pentatominae,,,Pentatomidae | Pentatominae,Cydnini,,,,,
B2372:2:26,Brachypelta Am. S.,Am. S.,,,,,genus,,B2372:2,accepted,,,B2372:2:25,Cydnini,,,,,Pentatomidae,Pentatominae,Brachypelta,,Pentatomidae | Pentatominae | Cydnini,Brachypelta Am. S.,,,4784719,,4784719
B2372:2:27,Brachypelta aterrima Fst.,Fst.,Brachypelta,,aterrima,,species,,B2372:2,accepted,,,B2372:2:26,Brachypelta Am. S.,,,,,Pentatomidae,Pentatominae,Brachypelta,,Pentatomidae | Pentatominae | Cydnini | Brachypelta,aterrima Fst.,,,6096814,,2078815
B2372:2:28,Cydnus Fab.,Fab.,,,,,genus,,B2372:2,accepted,,,B2372:2:25,Cydnini,,,,,Pentatomidae,Pentatominae,Cydnus,,Pentatomidae | Pentatominae | Cydnini,Cydnus Fab.,,,2078814,,2078814
B2372:2:29,Cydnus flavicornis Fab.,Fab.,Cydnus,,flavicornis,,species,,B2372:2,accepted,,,B2372:2:28,Cydnus Fab.,,,,,Pentatomidae,Pentatominae,Cydnus,,Pentatomidae | Pentatominae | Cydnini | Cydnus,flavicornis Fab.,,,7972365,,4486103
B2372:2:30,Cydnus nigrita Fab.,Fab.,Cydnus,,nigrita,,species,,B2372:2,accepted,,,B2372:2:28,Cydnus Fab.,,,,,Pentatomidae,Pentatominae,Cydnus,,Pentatomidae | Pentatominae | Cydnini | Cydnus,nigrita Fab.,,,10320080,,5758803
B2372:2:31,Geotomus M. R.,M. R.,,,,,genus,,B2372:2,accepted,,,B2372:2:25,Cydnini,,,,,Pentatomidae,Pentatominae,Geotomus,,Pentatomidae | Pentatominae | Cydnini,Geotomus M. R.,,,2078736,,2078736
B2372:2:32,Geotomus punctulatus Costa.,Costa.,Geotomus,,punctulatus,,species,,B2372:2,accepted,,,B2372:2:31,Geotomus M. R.,,,,,Pentatomidae,Pentatominae,Geotomus,,Pentatomidae | Pentatominae | Cydnini | Geotomus,punctulatus Costa.,,,4486116,,4486116
B2372:2:33,Geotomus elongatus H. S.,H. S.,Geotomus,,elongatus,,species,,B2372:2,accepted,,,B2372:2:31,Geotomus M. R.,,,,,Pentatomidae,Pentatominae,Geotomus,,Pentatomidae | Pentatominae | Cydnini | Geotomus,elongatus H. S.,,,4486118,,4486118
B2372:2:34,Sehirus Am. S.,Am. S.,,,,,genus,,B2372:2,accepted,,,B2372:2:25,Cydnini,,,,,Pentatomidae,Pentatominae,Sehirus,,Pentatomidae | Pentatominae | Cydnini,Sehirus Am. S.,,,2078780,,2078780
B2372:2:35,Sehirus dubius Scop.,Scop.,Sehirus,,dubius,,species,,B2372:2,accepted,,,B2372:2:34,Sehirus Am. S.,,,,,Pentatomidae,Pentatominae,Sehirus,,Pentatomidae | Pentatominae | Cydnini | Sehirus,dubius Scop.,,,11254627,,4486159
B2372:2:36,Sehirus morio Lin.,Lin.,Sehirus,,morio,,species,,B2372:2,accepted,,,B2372:2:34,Sehirus Am. S.,,,,,Pentatomidae,Pentatominae,Sehirus,,Pentatomidae | Pentatominae | Cydnini | Sehirus,morio Lin.,,,2078781,,2078781
B2372:2:37,Sehirus luctuosus M. R.,M. R.,Sehirus,,luctuosus,,species,,B2372:2,accepted,,,B2372:2:34,Sehirus Am. S.,,,,,Pentatomidae,Pentatominae,Sehirus,,Pentatomidae | Pentatominae | Cydnini | Sehirus,luctuosus M. R.,,,4486163,,4486163
B2372:2:38,Sehirus biguttatus Lin.,Lin.,Sehirus,,biguttatus,,species,,B2372:2,accepted,,,B2372:2:34,Sehirus Am. S.,,,,,Pentatomidae,Pentatominae,Sehirus,,Pentatomidae | Pentatominae | Cydnini | Sehirus,biguttatus Lin.,,,6096813,,4486134
B2372:2:39,Sehirus bicolor Lin.,Lin.,Sehirus,,bicolor,,species,,B2372:2,accepted,,,B2372:2:34,Sehirus Am. S.,,,,,Pentatomidae,Pentatominae,Sehirus,,Pentatomidae | Pentatominae | Cydnini | Sehirus,bicolor Lin.,,,10976574,,5758805
B2372:2:40,Gnathoconus Fab.,Fab.,,,,,genus,,B2372:2,accepted,,,B2372:2:25,Cydnini,,,,,Pentatomidae,Pentatominae,Gnathoconus,,Pentatomidae | Pentatominae | Cydnini,Gnathoconus Fab.,,,4578458,,4578458
B2372:2:41,Gnathoconus albomarginatus Fab.,Fab.,Gnathoconus,,albomarginatus,,species,,B2372:2,accepted,,,B2372:2:40,Gnathoconus Fab.,,,,,Pentatomidae,Pentatominae,Gnathoconus,,Pentatomidae | Pentatominae | Cydnini | Gnathoconus,albomarginatus Fab.,,,10971267,,5758810
B2372:2:42,Gnathoconus picipes Fall.,Fall.,Gnathoconus,,picipes,,species,,B2372:2,accepted,,,B2372:2:40,Gnathoconus Fab.,,,,,Pentatomidae,Pentatominae,Gnathoconus,,Pentatomidae | Pentatominae | Cydnini | Gnathoconus,picipes Fall.,,,11074191,,5758812
B2372:2:43,Pentatomini,,,,,,tribe,,B2372:2,accepted,,,B2372:2:24,Pentatominae,,,,,Pentatomidae,Pentatominae,,,Pentatomidae | Pentatominae,Pentatomini,,,,,
B2372:2:44,Dalleria M. R.,M. R.,,,,,genus,,B2372:2,accepted,,,B2372:2:43,Pentatomini,,,,,Pentatomidae,Pentatominae,Dalleria,,Pentatomidae | Pentatominae | Pentatomini,Dalleria M. R.,,,4782454,,9131176
B2372:2:45,Dalleria pusilla H. S.,H. S.,Dalleria,,pusilla,,species,,B2372:2,accepted,,,B2372:2:44,Dalleria M. R.,,,,,Pentatomidae,Pentatominae,Dalleria,,Pentatomidae | Pentatominae | Pentatomini | Dalleria,pusilla H. S.,,,,,
B2372:2:46,Dalleria bipunctata,,Dalleria,,bipunctata,,species,,B2372:2,accepted,,,B2372:2:44,Dalleria M. R.,,,,,Pentatomidae,Pentatominae,Dalleria,,Pentatomidae | Pentatominae | Pentatomini | Dalleria,bipunctata,,,,,
B2372:2:47,Eysarcoris Hah.,Hah.,,,,,genus,,B2372:2,accepted,,,B2372:2:43,Pentatomini,,,,,Pentatomidae,Pentatominae,Eysarcoris,,Pentatomidae | Pentatominae | Pentatomini,Eysarcoris Hah.,,,2078841,,2078841
B2372:2:48,Eysarcoris melanocephalus Fab.,Fab.,Eysarcoris,,melanocephalus,,species,,B2372:2,accepted,,,B2372:2:47,Eysarcoris Hah.,,,,,Pentatomidae,Pentatominae,Eysarcoris,,Pentatomidae | Pentatominae | Pentatomini | Eysarcoris,melanocephalus Fab.,,,10928447,,4485952
B2372:2:49,Eysarcoris perlatus Fab.,Fab.,Eysarcoris,,perlatus,,species,,B2372:2,accepted,,,B2372:2:47,Eysarcoris Hah.,,,,,Pentatomidae,Pentatominae,Eysarcoris,,Pentatomidae | Pentatominae | Pentatomini | Eysarcoris,perlatus Fab.,,,10982776,,4485955
B2372:2:50,Rubiconia Dohrn.,Dohrn.,,,,,genus,,B2372:2,accepted,,,B2372:2:43,Pentatomini,,,,,Pentatomidae,Pentatominae,Rubiconia,,Pentatomidae | Pentatominae | Pentatomini,Rubiconia Dohrn.,,,4406106,,4406106
B2372:2:51,Rubiconia intermedia Wolff.,Wolff.,Rubiconia,,intermedia,,species,,B2372:2,accepted,,,B2372:2:50,Rubiconia Dohrn.,,,,,Pentatomidae,Pentatominae,Rubiconia,,Pentatomidae | Pentatominae | Pentatomini | Rubiconia,intermedia Wolff.,,,4485796,,4485796
B2372:2:52,Peribalus M. R.,M. R.,,,,,genus,,B2372:2,accepted,,,B2372:2:43,Pentatomini,,,,,Pentatomidae,Pentatominae,Peribalus,,Pentatomidae | Pentatominae | Pentatomini,Peribalus M. R.,,,2079014,,2079014
B2372:2:53,Peribalus vernalis Wolff.,Wolff.,Peribalus,,vernalis,,species,,B2372:2,accepted,,,B2372:2:52,Peribalus M. R.,,,,,Pentatomidae,Pentatominae,Peribalus,,Pentatomidae | Pentatominae | Pentatomini | Peribalus,vernalis Wolff.,,,6096796,,6096794
B2372:2:54,Peribalus sphacelatus Fab.,Fab.,Peribalus,,sphacelatus,,species,,B2372:2,accepted,,,B2372:2:52,Peribalus M. R.,,,,,Pentatomidae,Pentatominae,Peribalus,,Pentatomidae | Pentatominae | Pentatomini | Peribalus,sphacelatus Fab.,,,10207873,,2079190
B2372:2:55,Carpocoris Kolen.,Kolen.,,,,,genus,,B2372:2,accepted,,,B2372:2:43,Pentatomini,,,,,Pentatomidae,Pentatominae,Carpocoris,,Pentatomidae | Pentatominae | Pentatomini,Carpocoris Kolen.,,,4405367,,4405367
B2372:2:56,Carpocoris verbasci de G.,de G.,Carpocoris,,verbasci,,species,,B2372:2,accepted,,,B2372:2:55,Carpocoris Kolen.,,,,,Pentatomidae,Pentatominae,Carpocoris,,Pentatomidae | Pentatominae | Pentatomini | Carpocoris,verbasci de G.,,,10999318,,4485824
B2372:2:57,Carpocoris lynx Fab.,Fab.,Carpocoris,,lynx,,species,,B2372:2,accepted,,,B2372:2:55,Carpocoris Kolen.,,,,,Pentatomidae,Pentatominae,Carpocoris,,Pentatomidae | Pentatominae | Pentatomini | Carpocoris,lynx Fab.,,,9986965,,4485762
B2372:2:58,Carpocoris baccarum Lin.,Lin.,Carpocoris,,baccarum,,species,,B2372:2,accepted,,,B2372:2:55,Carpocoris Kolen.,,,,,Pentatomidae,Pentatominae,Carpocoris,,Pentatomidae | Pentatominae | Pentatomini | Carpocoris,baccarum Lin.,,,12390883,,4485800
B2372:2:59,Carpocoris nigricornis Fab.,Fab.,Carpocoris,,nigricornis,,species,,B2372:2,accepted,,,B2372:2:55,Carpocoris Kolen.,,,,,Pentatomidae,Pentatominae,Carpocoris,,Pentatomidae | Pentatominae | Pentatomini | Carpocoris,nigricornis Fab.,,,11041975,,4485798
B2372:2:60,Pentatoma Oliv.,Oliv.,,,,,genus,,B2372:2,accepted,,,B2372:2:43,Pentatomini,,,,,Pentatomidae,Pentatominae,Pentatoma,,Pentatomidae | Pentatominae | Pentatomini,Pentatoma Oliv.,,9KVKC,8368535,9J9VQ,8368535
B2372:2:61,Pentatoma juniperina Lin.,Lin.,Pentatoma,,juniperina,,species,,B2372:2,accepted,,,B2372:2:60,Pentatoma Oliv.,,,,,Pentatomidae,Pentatominae,Pentatoma,,Pentatomidae | Pentatominae | Pentatomini | Pentatoma,juniperina Lin.,,,7373799,,4485816
B2372:2:62,Pentatoma pinicola M. R.,M. R.,Pentatoma,,pinicola,,species,,B2372:2,accepted,,,B2372:2:60,Pentatoma Oliv.,,,,,Pentatomidae,Pentatominae,Pentatoma,,Pentatomidae | Pentatominae | Pentatomini | Pentatoma,pinicola M. R.,,,9026928,,4485821
B2372:2:63,Palomena M. R.,M. R.,,,,,genus,,B2372:2,accepted,,,B2372:2:43,Pentatomini,,,,,Pentatomidae,Pentatominae,Palomena,,Pentatomidae | Pentatominae | Pentatomini,Palomena M. R.,,,4406712,,4406712
B2372:2:64,Palomena prasina Lin.,Lin.,Palomena,,prasina,,species,,B2372:2,accepted,,,B2372:2:63,Palomena M. R.,,,,,Pentatomidae,Pentatominae,Palomena,,Pentatomidae | Pentatominae | Pentatomini | Palomena,prasina Lin.,,,4485776,,4485776
B2372:2:65,Palomena prasina var. subrubescens Gorski,Gorski,Palomena,,prasina,subrubescens,variety,,B2372:2,accepted,,,B2372:2:64,Palomena prasina Lin.,,,,,Pentatomidae,Pentatominae,Palomena,,Pentatomidae | Pentatominae | Pentatomini | Palomena | Palomena prasina,var. subrubescens Gorski,,,10640111,,4485774
B2372:2:66,Palomena viridissima Poda.,Poda.,Palomena,,viridissima,,species,,B2372:2,accepted,,,B2372:2:63,Palomena M. R.,,,,,Pentatomidae,Pentatominae,Palomena,,Pentatomidae | Pentatominae | Pentatomini | Palomena,viridissima Poda.,,,4485774,,4485774
B2372:2:67,Palomena viridissima var. simulans Puton,Puton,Palomena,,viridissima,simulans,variety,,B2372:2,accepted,,,B2372:2:66,Palomena viridissima Poda.,,,,,Pentatomidae,Pentatominae,Palomena,,Pentatomidae | Pentatominae | Pentatomini | Palomena | Palomena viridissima,var. simulans Puton,,,,,
B2372:2:68,Piezodorus Fieb.,Fieb.,,,,,genus,,B2372:2,accepted,,,B2372:2:43,Pentatomini,,,,,Pentatomidae,Pentatominae,Piezodorus,,Pentatomidae | Pentatominae | Pentatomini,Piezodorus Fieb.,,,2078820,,2078820
B2372:2:69,Piezodorus incarnatus Germ.,Germ.,Piezodorus,,incarnatus,,species,,B2372:2,accepted,,,B2372:2:68,Piezodorus Fieb.,,,,,Pentatomidae,Pentatominae,Piezodorus,,Pentatomidae | Pentatominae | Pentatomini | Piezodorus,incarnatus Germ.,,,10136657,,2078821
B2372:2:70,Piezodorus incarnatus var. alliaceus Germ.,Germ.,Piezodorus,,incarnatus,alliaceus,variety,,B2372:2,accepted,,,B2372:2:69,Piezodorus incarnatus Germ.,,,,,Pentatomidae,Pentatominae,Piezodorus,,Pentatomidae | Pentatominae | Pentatomini | Piezodorus | Piezodorus incarnatus,var. alliaceus Germ.,,,10532638,,2078821
B2372:2:71,Rhaphigaster Lap.,Lap.,,,,,genus,,B2372:2,accepted,,,B2372:2:43,Pentatomini,,,,,Pentatomidae,Pentatominae,Rhaphigaster,,Pentatomidae | Pentatominae | Pentatomini,Rhaphigaster Lap.,,,2079011,,2079011
B2372:2:72,Rhaphigaster grisea Fab.,Fab.,Rhaphigaster,,grisea,,species,,B2372:2,accepted,,,B2372:2:71,Rhaphigaster Lap.,,,,,Pentatomidae,Pentatominae,Rhaphigaster,,Pentatomidae | Pentatominae | Pentatomini | Rhaphigaster,grisea Fab.,,,10043620,,10043620
B2372:2:73,Tropicoris Hah.,Hah.,,,,,genus,,B2372:2,accepted,,,B2372:2:43,Pentatomini,,,,,Pentatomidae,Pentatominae,Tropicoris,,Pentatomidae | Pentatominae | Pentatomini,Tropicoris Hah.,,,4782895,,8368535
B2372:2:74,Tropicoris rufipes Lin.,Lin.,Tropicoris,,rufipes,,species,,B2372:2,accepted,,,B2372:2:73,Tropicoris Hah.,,,,,Pentatomidae,Pentatominae,Tropicoris,,Pentatomidae | Pentatominae | Pentatomini | Tropicoris,rufipes Lin.,,,9313423,,5758737
B2372:2:75,Strachia Hah.,Hah.,,,,,genus,,B2372:2,accepted,,,B2372:2:43,Pentatomini,,,,,Pentatomidae,Pentatominae,Strachia,,Pentatomidae | Pentatominae | Pentatomini,Strachia Hah.,,,4782702,,4782702
B2372:2:76,Strachia oleracea Lin.,Lin.,Strachia,,oleracea,,species,,B2372:2,accepted,,,B2372:2:75,Strachia Hah.,,,,,Pentatomidae,Pentatominae,Strachia,,Pentatomidae | Pentatominae | Pentatomini | Strachia,oleracea Lin.,,,10986128,,4485898
B2372:2:77,Strachia festiva Lin.,Lin.,Strachia,,festiva,,species,,B2372:2,accepted,,,B2372:2:75,Strachia Hah.,,,,,Pentatomidae,Pentatominae,Strachia,,Pentatomidae | Pentatominae | Pentatomini | Strachia,festiva Lin.,,,11030025,,4485896
B2372:2:78,Strachia dominula Harris.,Harris.,Strachia,,dominula,,species,,B2372:2,accepted,,,B2372:2:75,Strachia Hah.,,,,,Pentatomidae,Pentatominae,Strachia,,Pentatomidae | Pentatominae | Pentatomini | Strachia,dominula Harris.,,,,,
B2372:2:79,Strachia ornata L.,L.,Strachia,,ornata,,species,,B2372:2,accepted,,,B2372:2:75,Strachia Hah.,,,,,Pentatomidae,Pentatominae,Strachia,,Pentatomidae | Pentatominae | Pentatomini | Strachia,ornata L.,,,,,
B2372:2:80,Strachia decorata Hah.,Hah.,Strachia,,decorata,,species,,B2372:2,accepted,,,B2372:2:75,Strachia Hah.,,,,,Pentatomidae,Pentatominae,Strachia,,Pentatomidae | Pentatominae | Pentatomini | Strachia,decorata Hah.,,,12085295,,4485906
B2372:2:81,Sciocoris,,,,,,genus,,B2372:2,accepted,,,B2372:2:43,Pentatomini,,,,,Pentatomidae,Pentatominae,Sciocoris,,Pentatomidae | Pentatominae | Pentatomini,Sciocoris,,,2079251,,2079251
B2372:2:82,Aelia,,,,,,genus,,B2372:2,accepted,,,B2372:2:43,Pentatomini,,,,,Pentatomidae,Pentatominae,Aelia,,Pentatomidae | Pentatominae | Pentatomini,Aelia,,,2079121,,2079121
B2372:2:83,Neottiglossa,,,,,,genus,,B2372:2,accepted,,,B2372:2:43,Pentatomini,,,,,Pentatomidae,Pentatominae,Neottiglossa,,Pentatomidae | Pentatominae | Pentatomini,Neottiglossa,,,2078911,,2078911
B2372:2:84,Acanthosomini,,,,,,tribe,,B2372:2,accepted,,,B2372:2:24,Pentatominae,,,,,Pentatomidae,Pentatominae,,,Pentatomidae | Pentatominae,Acanthosomini,,,,,
B2372:2:85,Cyphostethus Fieb.,Fieb.,,,,,genus,,B2372:2,accepted,,,B2372:2:84,Acanthosomini,,,,,Pentatomidae,Pentatominae,Cyphostethus,,Pentatomidae | Pentatominae | Acanthosomini,Cyphostethus Fieb.,,7NV8G,3265727,7NV8G,3265727
B2372:2:86,Cyphostethus tristriatus Fab.,Fab.,Cyphostethus,,tristriatus,,species,,B2372:2,accepted,,,B2372:2:85,Cyphostethus Fieb.,,,,,Pentatomidae,Pentatominae,Cyphostethus,,Pentatomidae | Pentatominae | Acanthosomini | Cyphostethus,tristriatus Fab.,,7SX54,6096805,7SX54,6096805
B2372:2:87,Acanthosoma Curt.,Curt.,,,,,genus,,B2372:2,accepted,,,B2372:2:84,Acanthosomini,,,,,Pentatomidae,Pentatominae,Acanthosoma,,Pentatomidae | Pentatominae | Acanthosomini,Acanthosoma Curt.,,7NMN9,11258498,7NMN9,11258498
B2372:2:88,Acanthosoma haemorrhoidale Lin.,Lin.,Acanthosoma,,haemorrhoidale,,species,,B2372:2,accepted,,,B2372:2:87,Acanthosoma Curt.,,,,,Pentatomidae,Pentatominae,Acanthosoma,,Pentatomidae | Pentatominae | Acanthosomini | Acanthosoma,haemorrhoidale Lin.,,7Q9KF,5866246,7Q9KF,5866246
B2372:2:89,Acanthosoma dentatum de G.,de G.,Acanthosoma,,dentatum,,species,,B2372:2,accepted,,,B2372:2:87,Acanthosoma Curt.,,,,,Pentatomidae,Pentatominae,Acanthosoma,,Pentatomidae | Pentatominae | Acanthosomini | Acanthosoma,dentatum de G.,,,11980158,,2079270
B2372:2:90,Sastragala Am. S.,Am. S.,,,,,genus,,B2372:2,accepted,,,B2372:2:84,Acanthosomini,,,,,Pentatomidae,Pentatominae,Sastragala,,Pentatomidae | Pentatominae | Acanthosomini,Sastragala Am. S.,,7PYRD,9630254,7PYRD,9630254
B2372:2:91,Sastragala ferrugator Fab.,Fab.,Sastragala,,ferrugator,,species,,B2372:2,accepted,,,B2372:2:90,Sastragala Am. S.,,,,,Pentatomidae,Pentatominae,Sastragala,,Pentatomidae | Pentatominae | Acanthosomini | Sastragala,ferrugata Fab.,,,11007942,,2079261
B2372:2:92,Elasmostethus Fieb.,Fieb.,,,,,genus,,B2372:2,accepted,,,B2372:2:84,Acanthosomini,,,,,Pentatomidae,Pentatominae,Elasmostethus,,Pentatomidae | Pentatominae | Acanthosomini,Elasmostethus Fieb.,,7NVTY,2079269,7NVTY,2079269
B2372:2:93,Elasmostethus interstinctus Lin.,Lin.,Elasmostethus,,interstinctus,,species,,B2372:2,accepted,,,B2372:2:92,Elasmostethus Fieb.,,,,,Pentatomidae,Pentatominae,Elasmostethus,,Pentatomidae | Pentatominae | Acanthosomini | Elasmostethus,interstinctus Lin.,,7TG9H,2079270,7TG9H,2079270
B2372:2:94,Asopini,,,,,,tribe,,B2372:2,accepted,,,B2372:2:24,Pentatominae,,,,,Pentatomidae,Pentatominae,,,Pentatomidae | Pentatominae,Asopini,,,,,
B2372:2:95,Platynopus Am. S.,Am. S.,,,,,genus,,B2372:2,accepted,,,B2372:2:94,Asopini,,,,,Pentatomidae,Pentatominae,Platynopus,,Pentatomidae | Pentatominae | Asopini,Platynopus Am. S.,,,4782522,,4782522
B2372:2:96,Platynopus sanguinipes Fab.,Fab.,Platynopus,,sanguinipes,,species,,B2372:2,accepted,,,B2372:2:95,Platynopus Am. S.,,,,,Pentatomidae,Pentatominae,Platynopus,,Pentatomidae | Pentatominae | Asopini | Platynopus,sanguinipes Fab.,,,,,
B2372:2:97,Picromerus Am. S.,Am. S.,,,,,genus,,B2372:2,accepted,,,B2372:2:94,Asopini,,,,,Pentatomidae,Pentatominae,Picromerus,,Pentatomidae | Pentatominae | Asopini,Picromerus Am. S.,,BXWJM,2079126,BYMKT,2079126
B2372:2:98,Picromerus bidens Lin.,Lin.,Picromerus,,bidens,,species,,B2372:2,accepted,,,B2372:2:97,Picromerus Am. S.,,,,,Pentatomidae,Pentatominae,Picromerus,,Pentatomidae | Pentatominae | Asopini | Picromerus,bidens Lin.,,,5160015,,5160015
B2372:2:99,Podisus H. S.,H. S.,,,,,genus,,B2372:2,accepted,,,B2372:2:94,Asopini,,,,,Pentatomidae,Pentatominae,Podisus,,Pentatomidae | Pentatominae | Asopini,Podisus H. S.,,,2079032,,2079032
B2372:2:100,Podisus luridus Fab.,Fab.,Podisus,,luridus,,species,,B2372:2,accepted,,,B2372:2:99,Podisus H. S.,,,,,Pentatomidae,Pentatominae,Podisus,,Pentatomidae | Pentatominae | Asopini | Podisus,luridus Fab.,,,9867982,,4485973
B2372:2:101,Arma Hah.,Hah.,,,,,genus,,B2372:2,accepted,,,B2372:2:94,Asopini,,,,,Pentatomidae,Pentatominae,Arma,,Pentatomidae | Pentatominae | Asopini,Arma Hah.,,,8888117,,8888117
B2372:2:102,Arma custos Fab.,Fab.,Arma,,custos,,species,,B2372:2,accepted,,,B2372:2:101,Arma Hah.,,,,,Pentatomidae,Pentatominae,Arma,,Pentatomidae | Pentatominae | Asopini | Arma,custos Fab.,,,4485971,,4485971
B2372:2:103,Asopus Burm.,Burm.,,,,,genus,,B2372:2,accepted,,,B2372:2:94,Asopini,,,,,Pentatomidae,Pentatominae,Asopus,,Pentatomidae | Pentatominae | Asopini,Asopus Burm.,,7NRDW,2079208,7Q25T,2079208
B2372:2:104,Asopus punctatus Lin.,Lin.,Asopus,,punctatus,,species,,B2372:2,accepted,,,B2372:2:103,Asopus Burm.,,,,,Pentatomidae,Pentatominae,Asopus,,Pentatomidae | Pentatominae | Asopini | Asopus,punctatus Lin.,,,11049710,,2078996
B2372:2:105,Jalla Hah.,Hah.,,,,,genus,,B2372:2,accepted,,,B2372:2:94,Asopini,,,,,Pentatomidae,Pentatominae,Jalla,,Pentatomidae | Pentatominae | Asopini,Jalla Hah.,,8PMHC,3266040,8P34B,3266040
B2372:2:106,Jalla dumosa Lin.,Lin.,Jalla,,dumosa,,species,,B2372:2,accepted,,,B2372:2:105,Jalla Hah.,,,,,Pentatomidae,Pentatominae,Jalla,,Pentatomidae | Pentatominae | Asopini | Jalla,dumosa Lin.,,,5758771,,5758771
B2372:2:107,Zicrona Am. S.,Am. S.,,,,,genus,,B2372:2,accepted,,,B2372:2:94,Asopini,,,,,Pentatomidae,Pentatominae,Zicrona,,Pentatomidae | Pentatominae | Asopini,Zicrona Am. S.,,,2078941,,2078941
B2372:2:108,Zicrona coerulea Lin.,Lin.,Zicrona,,coerulea,,species,,B2372:2,accepted,,,B2372:2:107,Zicrona Am. S.,,,,,Pentatomidae,Pentatominae,Zicrona,,Pentatomidae | Pentatominae | Asopini | Zicrona,coerulea Lin.,,,9378976,,2078942