scientificNameID,scientificName,scientificNameAuthorship,genericName,intragenericEpithet,specificEpithet,intraspecificEpithet,taxonRank,taxonRemarks,collectionCode,taxonomicStatus,acceptedNameUsageID,acceptedNameUsage,parentNameUsageID,parentNameUsage,kingdom,phylum,class,order,family,subfamily,genus,subgenus,higherClassification,colTaxonID,gbifTaxonID,colAcceptedTaxonID,gbifAcceptedTaxonID
B249:1:1,Agromyzidae,,,,,,family,,B249:1,accepted,,,,,,,,,Agromyzidae,,,,,659,3329,659,3329
B249:1:2,Agromyzinae,,,,,,subfamily,,B249:1,accepted,,,B249:1:1,Agromyzidae,,,,,Agromyzidae,Agromyzinae,,,Agromyzidae,87CD3,,87CD3,
B249:1:3,"Agromyza Fallén, 1810","Fallén, 1810",,,,,genus,,B249:1,accepted,,,B249:1:2,Agromyzinae,,,,,Agromyzidae,Agromyzinae,Agromyza,,Agromyzidae | Agromyzinae,9XBTB,1554804,9XBTB,1554804
B249:1:4,Agromyza sulfuriceps Strobl,Strobl,Agromyza,,sulfuriceps,,species,,B249:1,accepted,,,B249:1:3,"Agromyza Fallén, 1810",,,,,Agromyzidae,Agromyzinae,Agromyza,,Agromyzidae | Agromyzinae | Agromyza,B8QB,1555023,B8QB,1555023
B249:1:5,Agromyza ferruginosa Wulp,Wulp,Agromyza,,ferruginosa,,species,,B249:1,accepted,,,B249:1:3,"Agromyza Fallén, 1810",,,,,Agromyzidae,Agromyzinae,Agromyza,,Agromyzidae | Agromyzinae | Agromyza,B8HH,1554854,B8HH,1554854
B249:1:6,Agromyza intermittens Becker,Becker,Agromyza,,intermittens,,species,,B249:1,accepted,,,B249:1:3,"Agromyza Fallén, 1810",,,,,Agromyzidae,Agromyzinae,Agromyza,,Agromyzidae | Agromyzinae | Agromyza,B8K9,1554950,B8K9,1554950
B249:1:7,Agromyza conjuncta Spencer,Spencer,Agromyza,,conjuncta,,species,,B249:1,accepted,,,B249:1:3,"Agromyza Fallén, 1810",,,,,Agromyzidae,Agromyzinae,Agromyza,,Agromyzidae | Agromyzinae | Agromyza,B8GG,1554999,B8GG,1554999
B249:1:8,Agromyza ambigua Fallén,Fallén,Agromyza,,ambigua,,species,,B249:1,accepted,,,B249:1:3,"Agromyza Fallén, 1810",,,,,Agromyzidae,Agromyzinae,Agromyza,,Agromyzidae | Agromyzinae | Agromyza,665T6,1554914,665T6,1554914
B249:1:9,Agromyza niveipennis Zetterstedt,Zetterstedt,Agromyza,,niveipennis,,species,,B249:1,synonym,B249:1:8,Agromyza ambigua Fallén,,,,,,,Agromyzidae,Agromyzinae,Agromyza,,Agromyzidae | Agromyzinae | Agromyza,B8ML,8375002,665T6,1554914
B249:1:10,Agromyza nigrella,,Agromyza,,nigrella,,species, Rondani,B249:1,accepted,,,B249:1:3,"Agromyza Fallén, 1810",,,,,Agromyzidae,Agromyzinae,Agromyza,,Agromyzidae | Agromyzinae | Agromyza,B8MB,1555044,B8MB,1555044
B249:1:11,Agromyza bromi Spencer,Spencer,Agromyza,,bromi,,species,,B249:1,accepted,,,B249:1:3,"Agromyza Fallén, 1810",,,,,Agromyzidae,Agromyzinae,Agromyza,,Agromyzidae | Agromyzinae | Agromyza,B8FV,1554970,B8FV,1554970
B249:1:12,Agromyza mobilis Meigen,Meigen,Agromyza,,mobilis,,species,,B249:1,accepted,,,B249:1:3,"Agromyza Fallén, 1810",,,,,Agromyzidae,Agromyzinae,Agromyza,,Agromyzidae | Agromyzinae | Agromyza,B8LY,1554886,B8LY,1554886
B249:1:13,Agromyza nigrociliata Hendel,Hendel,Agromyza,,nigrociliata,,species,,B249:1,accepted,,,B249:1:3,"Agromyza Fallén, 1810",,,,,Agromyzidae,Agromyzinae,Agromyza,,Agromyzidae | Agromyzinae | Agromyza,B8MJ,1554980,B8MJ,1554980
B249:1:14,Agromyza cinerascens Macquart,Macquart,Agromyza,,cinerascens,,species,,B249:1,accepted,,,B249:1:3,"Agromyza Fallén, 1810",,,,,Agromyzidae,Agromyzinae,Agromyza,,Agromyzidae | Agromyzinae | Agromyza,B8G9,1554952,B8G9,1554952
B249:1:15,Agromyza rondensis Strobl,Strobl,Agromyza,,rondensis,,species,,B249:1,accepted,,,B249:1:3,"Agromyza Fallén, 1810",,,,,Agromyzidae,Agromyzinae,Agromyza,,Agromyzidae | Agromyzinae | Agromyza,B8PL,1554888,B8PL,1554888
B249:1:16,Agromyza veris Hering,Hering,Agromyza,,veris,,species,,B249:1,synonym,B249:1:15,Agromyza rondensis Strobl,,,,,,,Agromyzidae,Agromyzinae,Agromyza,,Agromyzidae | Agromyzinae | Agromyza,B8R5,1554890,B8PL,1554888
B249:1:17,Agromyza igniceps Hendel,Hendel,Agromyza,,igniceps,,species,,B249:1,accepted,,,B249:1:3,"Agromyza Fallén, 1810",,,,,Agromyzidae,Agromyzinae,Agromyza,,Agromyzidae | Agromyzinae | Agromyza,B8JZ,1554960,B8JZ,1554960
B249:1:18,Agromyza abiens Zetterstedt,Zetterstedt,Agromyza,,abiens,,species,,B249:1,accepted,,,B249:1:3,"Agromyza Fallén, 1810",,,,,Agromyzidae,Agromyzinae,Agromyza,,Agromyzidae | Agromyzinae | Agromyza,6664P,1554867,6664P,1554867
B249:1:19,Agromyza rufipes Meigen,Meigen,Agromyza,,rufipes,,species,of authors,B249:1,synonym,B249:1:18,Agromyza abiens Zetterstedt,,,,,,,Agromyzidae,Agromyzinae,Agromyza,,Agromyzidae | Agromyzinae | Agromyza,B8PP,1554815,B8PP,1554815
B249:1:20,Agromyza lithospermi Spencer,Spencer,Agromyza,,lithospermi,,species,,B249:1,accepted,,,B249:1:3,"Agromyza Fallén, 1810",,,,,Agromyzidae,Agromyzinae,Agromyza,,Agromyzidae | Agromyzinae | Agromyza,B8L6,1554898,B8L6,1554898
B249:1:21,Agromyza reptans Fallén,Fallén,Agromyza,,reptans,,species,,B249:1,accepted,,,B249:1:3,"Agromyza Fallén, 1810",,,,,Agromyzidae,Agromyzinae,Agromyza,,Agromyzidae | Agromyzinae | Agromyza,B8PH,1555038,B8PH,1555038
B249:1:22,Agromyza myosotidis Kaltenbach,Kaltenbach,Agromyza,,myosotidis,,species,,B249:1,accepted,,,B249:1:3,"Agromyza Fallén, 1810",,,,,Agromyzidae,Agromyzinae,Agromyza,,Agromyzidae | Agromyzinae | Agromyza,B8M4,1555040,B8M4,1555040
B249:1:23,Agromyza pseudoreptans Nowakowski,Nowakowski,Agromyza,,pseudoreptans,,species,,B249:1,accepted,,,B249:1:3,"Agromyza Fallén, 1810",,,,,Agromyzidae,Agromyzinae,Agromyza,,Agromyzidae | Agromyzinae | Agromyza,B8P9,1554887,B8P9,1554887
B249:1:24,Agromyza urticae Nowakowski,Nowakowski,Agromyza,,urticae,,species,,B249:1,synonym,B249:1:23,Agromyza pseudoreptans Nowakowski,,,,,,,Agromyzidae,Agromyzinae,Agromyza,,Agromyzidae | Agromyzinae | Agromyza,B8QT,1553536,B8P9,1554887
B249:1:25,Agromyza pseudorufipes Nowakowski,Nowakowski,Agromyza,,pseudorufipes,,species,,B249:1,accepted,,,B249:1:3,"Agromyza Fallén, 1810",,,,,Agromyzidae,Agromyzinae,Agromyza,,Agromyzidae | Agromyzinae | Agromyza,,4517359,,4517359
B249:1:26,Agromyza phragmitidis Hendel,Hendel,Agromyza,,phragmitidis,,species,,B249:1,accepted,,,B249:1:3,"Agromyza Fallén, 1810",,,,,Agromyzidae,Agromyzinae,Agromyza,,Agromyzidae | Agromyzinae | Agromyza,B8NL,1554836,B8NL,1554836
B249:1:27,Agromyza albipennis Meigen,Meigen,Agromyza,,albipennis,,species,,B249:1,accepted,,,B249:1:3,"Agromyza Fallén, 1810",,,,,Agromyzidae,Agromyzinae,Agromyza,,Agromyzidae | Agromyzinae | Agromyza,6664N,1554862,6664N,1554862
B249:1:28,Agromyza nigripes Meigen,Meigen,Agromyza,,nigripes,,species,,B249:1,accepted,,,B249:1:3,"Agromyza Fallén, 1810",,,,,Agromyzidae,Agromyzinae,Agromyza,,Agromyzidae | Agromyzinae | Agromyza,B8MF,1554816,B8MF,1554816
B249:1:29,Agromyza lucida Hendel,Hendel,Agromyza,,lucida,,species,,B249:1,accepted,,,B249:1:3,"Agromyza Fallén, 1810",,,,,Agromyzidae,Agromyzinae,Agromyza,,Agromyzidae | Agromyzinae | Agromyza,B8L9,1555004,B8L9,1555004
B249:1:30,Agromyza airae Karl,Karl,Agromyza,,airae,,species,,B249:1,synonym,B249:1:29,Agromyza lucida Hendel,,,,,,,Agromyzidae,Agromyzinae,Agromyza,,Agromyzidae | Agromyzinae | Agromyza,6664Q,1555005,B8L9,1555004
B249:1:31,Agromyza dipsaci Hendel,Hendel,Agromyza,,dipsaci,,species,,B249:1,accepted,,,B249:1:3,"Agromyza Fallén, 1810",,,,,Agromyzidae,Agromyzinae,Agromyza,,Agromyzidae | Agromyzinae | Agromyza,B8GQ,1554832,B8GQ,1554832
B249:1:32,Agromyza alunulata (Hendel),(Hendel),Agromyza,,alunulata,,species,,B249:1,accepted,,,B249:1:3,"Agromyza Fallén, 1810",,,,,Agromyzidae,Agromyzinae,Agromyza,,Agromyzidae | Agromyzinae | Agromyza,65TT6,1554813,65TT6,1554813
B249:1:33,Agromyza distorta Griffiths,Griffiths,Agromyza,,distorta,,species,,B249:1,synonym,B249:1:32,Agromyza alunulata (Hendel),,,,,,,Agromyzidae,Agromyzinae,Agromyza,,Agromyzidae | Agromyzinae | Agromyza,B8GT,7921566,65TT6,1554813
B249:1:34,Agromyza hendeli Griffiths,Griffiths,Agromyza,,hendeli,,species,,B249:1,accepted,,,B249:1:3,"Agromyza Fallén, 1810",,,,,Agromyzidae,Agromyzinae,Agromyza,,Agromyzidae | Agromyzinae | Agromyza,B8JP,1555027,B8JP,1555027
B249:1:35,Agromyza flaviceps Fallen,Fallen,Agromyza,,flaviceps,,species,,B249:1,accepted,,,B249:1:3,"Agromyza Fallén, 1810",,,,,Agromyzidae,Agromyzinae,Agromyza,,Agromyzidae | Agromyzinae | Agromyza,B8HK,1554821,B8HK,1554821
B249:1:36,Agromyza flavipennis Hendel,Hendel,Agromyza,,flavipennis,,species,,B249:1,accepted,,,B249:1:3,"Agromyza Fallén, 1810",,,,,Agromyzidae,Agromyzinae,Agromyza,,Agromyzidae | Agromyzinae | Agromyza,B8HM,1554937,B8HM,1554937
B249:1:37,Agromyza vicifoliae Hering,Hering,Agromyza,,vicifoliae,,species,,B249:1,accepted,,,B249:1:3,"Agromyza Fallén, 1810",,,,,Agromyzidae,Agromyzinae,Agromyza,,Agromyzidae | Agromyzinae | Agromyza,B8R7,1555029,B8R7,1555029
B249:1:38,Agromyza alnivora Spencer,Spencer,Agromyza,,alnivora,,species,,B249:1,accepted,,,B249:1:3,"Agromyza Fallén, 1810",,,,,Agromyzidae,Agromyzinae,Agromyza,,Agromyzidae | Agromyzinae | Agromyza,66655,1554833,66655,1554833
B249:1:39,Agromyza spiraeae Kaltenbach,Kaltenbach,Agromyza,,spiraeae,,species,,B249:1,accepted,,,B249:1:3,"Agromyza Fallén, 1810",,,,,Agromyzidae,Agromyzinae,Agromyza,,Agromyzidae | Agromyzinae | Agromyza,B8Q4,1554973,B8NZ,1554972
B249:1:40,Agromyza alnibetulae Hendel,Hendel,Agromyza,,alnibetulae,,species,,B249:1,accepted,,,B249:1:3,"Agromyza Fallén, 1810",,,,,Agromyzidae,Agromyzinae,Agromyza,,Agromyzidae | Agromyzinae | Agromyza,6664T,1554846,6664T,1554846
B249:1:41,Agromyza demeijeri Hendel,Hendel,Agromyza,,demeijeri,,species,,B249:1,accepted,,,B249:1:3,"Agromyza Fallén, 1810",,,,,Agromyzidae,Agromyzinae,Agromyza,,Agromyzidae | Agromyzinae | Agromyza,B8GL,1554929,B8GL,1554929
B249:1:42,Agromyza anthracina Meigen,Meigen,Agromyza,,anthracina,,species,,B249:1,accepted,,,B249:1:3,"Agromyza Fallén, 1810",,,,,Agromyzidae,Agromyzinae,Agromyza,,Agromyzidae | Agromyzinae | Agromyza,B8F4,1555035,B8F4,1555035
B249:1:43,Agromyza lathyri Hendel,Hendel,Agromyza,,lathyri,,species,,B249:1,accepted,,,B249:1:3,"Agromyza Fallén, 1810",,,,,Agromyzidae,Agromyzinae,Agromyza,,Agromyzidae | Agromyzinae | Agromyza,B8KV,1554911,B8KV,1554911
B249:1:44,Agromyza felleri Hering,Hering,Agromyza,,felleri,,species,,B249:1,accepted,,,B249:1:3,"Agromyza Fallén, 1810",,,,,Agromyzidae,Agromyzinae,Agromyza,,Agromyzidae | Agromyzinae | Agromyza,65TT4,1554885,65TT4,1554885
B249:1:45,Agromyza marionae Griffiths,Griffiths,Agromyza,,marionae,,species,,B249:1,accepted,,,B249:1:3,"Agromyza Fallén, 1810",,,,,Agromyzidae,Agromyzinae,Agromyza,,Agromyzidae | Agromyzinae | Agromyza,B8LK,1554827,B8LK,1554827
B249:1:46,Agromyza rubiginosa Griffiths,Griffiths,Agromyza,,rubiginosa,,species,,B249:1,accepted,,,B249:1:3,"Agromyza Fallén, 1810",,,,,Agromyzidae,Agromyzinae,Agromyza,,Agromyzidae | Agromyzinae | Agromyza,B8PN,1554857,B8PN,1554857
B249:1:47,Agromyza felleri Hering,Hering,Agromyza,,felleri,,species,,B249:1,synonym,B249:1:46,Agromyza rubiginosa Griffiths,,,,,,,Agromyzidae,Agromyzinae,Agromyza,,Agromyzidae | Agromyzinae | Agromyza,65TT4,1554885,65TT4,1554885
B249:1:48,Agromyza frontella Rondani,Rondani,Agromyza,,frontella,,species,,B249:1,accepted,,,B249:1:3,"Agromyza Fallén, 1810",,,,,Agromyzidae,Agromyzinae,Agromyza,,Agromyzidae | Agromyzinae | Agromyza,B8HZ,1553365,B8HZ,1553365
B249:1:49,Agromyza nana Meigen,Meigen,Agromyza,,nana,,species,,B249:1,accepted,,,B249:1:3,"Agromyza Fallén, 1810",,,,,Agromyzidae,Agromyzinae,Agromyza,,Agromyzidae | Agromyzinae | Agromyza,B8M6,1554893,B8M6,1554893
B249:1:50,Agromyza pulla Meigen,Meigen,Agromyza,,pulla,,species,,B249:1,accepted,,,B249:1:3,"Agromyza Fallén, 1810",,,,,Agromyzidae,Agromyzinae,Agromyza,,Agromyzidae | Agromyzinae | Agromyza,5TTT7,1554902,5TTT7,1554902
B249:1:51,Agromyza genistae Hendel,Hendel,Agromyza,,genistae,,species,,B249:1,synonym,B249:1:50,Agromyza pulla Meigen,,,,,,,Agromyzidae,Agromyzinae,Agromyza,,Agromyzidae | Agromyzinae | Agromyza,B8J9,1554903,5TTT7,1554902
B249:1:52,Agromyza nigrescens Hendel,Hendel,Agromyza,,nigrescens,,species,,B249:1,accepted,,,B249:1:3,"Agromyza Fallén, 1810",,,,,Agromyzidae,Agromyzinae,Agromyza,,Agromyzidae | Agromyzinae | Agromyza,B8MC,1555011,B8MC,1555011
B249:1:53,Agromyza alnivora Spencer,Spencer,Agromyza,,alnivora,,species,,B249:1,accepted,,,B249:1:3,"Agromyza Fallén, 1810",,,,,Agromyzidae,Agromyzinae,Agromyza,,Agromyzidae | Agromyzinae | Agromyza,66655,1554833,66655,1554833
B249:1:54,Agromyza albitarsis Meigen,Meigen,Agromyza,,albitarsis,,species,,B249:1,accepted,,,B249:1:3,"Agromyza Fallén, 1810",,,,,Agromyzidae,Agromyzinae,Agromyza,,Agromyzidae | Agromyzinae | Agromyza,65TT5,1554834,65TT5,1554834
B249:1:55,Agromyza lygophaga Hering,Hering,Agromyza,,lygophaga,,species,,B249:1,synonym,B249:1:54,Agromyza albitarsis Meigen,,,,,,,Agromyzidae,Agromyzinae,Agromyza,,Agromyzidae | Agromyzinae | Agromyza,B8LD,1554924,65TT5,1554834
B249:1:56,Agromyza erythrocephala Hendel,Hendel,Agromyza,,erythrocephala,,species,,B249:1,accepted,,,B249:1:3,"Agromyza Fallén, 1810",,,,,Agromyzidae,Agromyzinae,Agromyza,,Agromyzidae | Agromyzinae | Agromyza,B8H6,1554877,B8H6,1554877
B249:1:57,Agromyza varicornis Strobl,Strobl,Agromyza,,varicornis,,species,,B249:1,accepted,,,B249:1:3,"Agromyza Fallén, 1810",,,,,Agromyzidae,Agromyzinae,Agromyza,,Agromyzidae | Agromyzinae | Agromyza,B8QW,1555052,B8QW,1555052
B249:1:58,Agromyza watersi Spencer,Spencer,Agromyza,,watersi,,species,,B249:1,synonym,B249:1:57,Agromyza varicornis Strobl,,,,,,,Agromyzidae,Agromyzinae,Agromyza,,Agromyzidae | Agromyzinae | Agromyza,B8RD,1555053,B8QW,1555052
B249:1:59,Agromyza johannae,,Agromyza,,johannae,,species,de Meijere,B249:1,accepted,,,B249:1:3,"Agromyza Fallén, 1810",,,,,Agromyzidae,Agromyzinae,Agromyza,,Agromyzidae | Agromyzinae | Agromyza,B8KH,1554942,B8KH,1554942
B249:1:60,Agromyza bicophaga Hering,Hering,Agromyza,,bicophaga,,species,,B249:1,accepted,,,B249:1:3,"Agromyza Fallén, 1810",,,,,Agromyzidae,Agromyzinae,Agromyza,,Agromyzidae | Agromyzinae | Agromyza,B8FN,1554993,B8FN,1554993
B249:1:61,"Melanagromyza Hendel, 1920","Hendel, 1920",,,,,genus,,B249:1,accepted,,,B249:1:2,Agromyzinae,,,,,Agromyzidae,Agromyzinae,Melanagromyza,,Agromyzidae | Agromyzinae,5NC5,1554236,5NC5,1554236
B249:1:62,Melanagromyza tripolii Spencer,Spencer,Melanagromyza,,tripolii,,species,,B249:1,accepted,,,B249:1:61,"Melanagromyza Hendel, 1920",,,,,Agromyzidae,Agromyzinae,Melanagromyza,,Agromyzidae | Agromyzinae | Melanagromyza,6QXSK,10986098,6QXSK,10986098
B249:1:63,Melanagromyza limata Spencer,Spencer,Melanagromyza,,limata,,species,,B249:1,accepted,,,B249:1:61,"Melanagromyza Hendel, 1920",,,,,Agromyzidae,Agromyzinae,Melanagromyza,,Agromyzidae | Agromyzinae | Melanagromyza,3Z5LS,1554450,3Z5LS,1554450
B249:1:64,Melanagromyza angeliciphaga Spencer,Spencer,Melanagromyza,,angeliciphaga,,species,,B249:1,accepted,,,B249:1:61,"Melanagromyza Hendel, 1920",,,,,Agromyzidae,Agromyzinae,Melanagromyza,,Agromyzidae | Agromyzinae | Melanagromyza,6QXT2,1554333,6QXT2,1554333
B249:1:65,Melanagromyza cunctans (Meigen),(Meigen),Melanagromyza,,cunctans,,species,,B249:1,accepted,,,B249:1:61,"Melanagromyza Hendel, 1920",,,,,Agromyzidae,Agromyzinae,Melanagromyza,,Agromyzidae | Agromyzinae | Melanagromyza,3Z5H9,1554473,3Z5H9,1554473
B249:1:66,Melanagromyza dettmeri Hering,Hering,Melanagromyza,,dettmeri,,species,,B249:1,accepted,,,B249:1:61,"Melanagromyza Hendel, 1920",,,,,Agromyzidae,Agromyzinae,Melanagromyza,,Agromyzidae | Agromyzinae | Melanagromyza,3Z5HP,1554621,3Z5HP,1554621
B249:1:67,Melanagromyza aeneoventris (Fallén),(Fallén),Melanagromyza,,aeneoventris,,species,,B249:1,accepted,,,B249:1:61,"Melanagromyza Hendel, 1920",,,,,Agromyzidae,Agromyzinae,Melanagromyza,,Agromyzidae | Agromyzinae | Melanagromyza,6QY53,1554369,6QY53,1554369
B249:1:68,Melanagromyza cirsii Rondani,Rondani,Melanagromyza,,cirsii,,species,,B249:1,synonym,B249:1:67,Melanagromyza aeneoventris (Fallén),,,,,,,Agromyzidae,Agromyzinae,Melanagromyza,,Agromyzidae | Agromyzinae | Melanagromyza,,8590386,,1554369
B249:1:69,Melanagromyza sativae Spencer,Spencer,Melanagromyza,,sativae,,species,,B249:1,accepted,,,B249:1:61,"Melanagromyza Hendel, 1920",,,,,Agromyzidae,Agromyzinae,Melanagromyza,,Agromyzidae | Agromyzinae | Melanagromyza,3Z5QL,1554456,3Z5QL,1554456
B249:1:70,Melanagromyza torilidis Spencer,Spencer,Melanagromyza,,torilidis,,species,,B249:1,synonym,B249:1:69,Melanagromyza sativae Spencer,,,,,,,Agromyzidae,Agromyzinae,Melanagromyza,,Agromyzidae | Agromyzinae | Melanagromyza,3Z5S6,1554457,3Z5QL,1554456
B249:1:71,Melanagromyza symphyti Griffiths,Griffiths,Melanagromyza,,symphyti,,species,,B249:1,accepted,,,B249:1:61,"Melanagromyza Hendel, 1920",,,,,Agromyzidae,Agromyzinae,Melanagromyza,,Agromyzidae | Agromyzinae | Melanagromyza,3Z5RV,1554368,3Z5RV,1554368
B249:1:72,Melanagromyza nibletti Spencer,Spencer,Melanagromyza,,nibletti,,species,,B249:1,accepted,,,B249:1:61,"Melanagromyza Hendel, 1920",,,,,Agromyzidae,Agromyzinae,Melanagromyza,,Agromyzidae | Agromyzinae | Melanagromyza,6QXSM,1554439,6QXSM,1554439
B249:1:73,Melanagromyza lappae (Loew),(Loew),Melanagromyza,,lappae,,species,,B249:1,accepted,,,B249:1:61,"Melanagromyza Hendel, 1920",,,,,Agromyzidae,Agromyzinae,Melanagromyza,,Agromyzidae | Agromyzinae | Melanagromyza,3Z5LK,1554466,3Z5LK,1554466
B249:1:74,Melanagromyza aenea (Meigen),(Meigen),Melanagromyza,,aenea,,species,,B249:1,accepted,,,B249:1:61,"Melanagromyza Hendel, 1920",,,,,Agromyzidae,Agromyzinae,Melanagromyza,,Agromyzidae | Agromyzinae | Melanagromyza,6QXSR,1554363,6QXSR,1554363
B249:1:75,Melanagromyza fuscociliata Hendel,Hendel,Melanagromyza,,fuscociliata,,species,,B249:1,synonym,B249:1:74,Melanagromyza aenea (Meigen),,,,,,,Agromyzidae,Agromyzinae,Melanagromyza,,Agromyzidae | Agromyzinae | Melanagromyza,3Z5JZ,1554365,6QXSR,1554363
B249:1:76,Melanagromyza eupatorii Spencer,Spencer,Melanagromyza,,eupatorii,,species,,B249:1,accepted,,,B249:1:61,"Melanagromyza Hendel, 1920",,,,,Agromyzidae,Agromyzinae,Melanagromyza,,Agromyzidae | Agromyzinae | Melanagromyza,3Z5JJ,1554566,3Z5JJ,1554566
B249:1:77,"Ophiomyia Braschnikov, 1897","Braschnikov, 1897",,,,,genus,,B249:1,accepted,,,B249:1:2,Agromyzinae,,,,,Agromyzidae,Agromyzinae,Ophiomyia,,Agromyzidae | Agromyzinae,63FM2,1552947,63FM2,1552947
B249:1:78,Ophiomyia simplex (Loew),(Loew),Ophiomyia,,simplex,,species,,B249:1,accepted,,,B249:1:77,"Ophiomyia Braschnikov, 1897",,,,,Agromyzidae,Agromyzinae,Ophiomyia,,Agromyzidae | Agromyzinae | Ophiomyia,49YCP,1552980,49YCP,1552980
B249:1:79,Ophiomyia cunctata (Meigen),(Meigen),Ophiomyia,,cunctata,,species,,B249:1,accepted,,,B249:1:77,"Ophiomyia Braschnikov, 1897",,,,,Agromyzidae,Agromyzinae,Ophiomyia,,Agromyzidae | Agromyzinae | Ophiomyia,7527Z,1553219,7527Z,1553219
B249:1:80,Ophiomyia beckeri (Hendel),(Hendel),Ophiomyia,,beckeri,,species,,B249:1,accepted,,,B249:1:77,"Ophiomyia Braschnikov, 1897",,,,,Agromyzidae,Agromyzinae,Ophiomyia,,Agromyzidae | Agromyzinae | Ophiomyia,49Y63,1552982,49Y63,1552982
B249:1:81,Ophiomyia pulicaria (Meigen),(Meigen),Ophiomyia,,pulicaria,,species,,B249:1,accepted,,,B249:1:77,"Ophiomyia Braschnikov, 1897",,,,,Agromyzidae,Agromyzinae,Ophiomyia,,Agromyzidae | Agromyzinae | Ophiomyia,6SPW6,1552990,6SPW6,1552990
B249:1:82,Ophiomyia orbiculata (Hendel),(Hendel),Ophiomyia,,orbiculata,,species,,B249:1,accepted,,,B249:1:77,"Ophiomyia Braschnikov, 1897",,,,,Agromyzidae,Agromyzinae,Ophiomyia,,Agromyzidae | Agromyzinae | Ophiomyia,74PW7,1553205,74PW7,1553205
B249:1:83,Ophiomyia nostradamus Hering,Hering,Ophiomyia,,nostradamus,,species,,B249:1,synonym,B249:1:82,Ophiomyia orbiculata (Hendel),,,,,,,Agromyzidae,Agromyzinae,Ophiomyia,,Agromyzidae | Agromyzinae | Ophiomyia,,8467846,,1553205
B249:1:84,Ophiomyia pubescens Hendel,Hendel,Ophiomyia,,pubescens,,species,,B249:1,accepted,,,B249:1:77,"Ophiomyia Braschnikov, 1897",,,,,Agromyzidae,Agromyzinae,Ophiomyia,,Agromyzidae | Agromyzinae | Ophiomyia,,,,
B249:1:85,Ophiomyia pinguis (Fallén),(Fallén),Ophiomyia,,pinguis,,species,,B249:1,accepted,,,B249:1:77,"Ophiomyia Braschnikov, 1897",,,,,Agromyzidae,Agromyzinae,Ophiomyia,,Agromyzidae | Agromyzinae | Ophiomyia,49YBK,1553243,49YBK,1553243
B249:1:86,Ophiomyia penicillata Hendel,Hendel,Ophiomyia,,penicillata,,species,,B249:1,accepted,,,B249:1:77,"Ophiomyia Braschnikov, 1897",,,,,Agromyzidae,Agromyzinae,Ophiomyia,,Agromyzidae | Agromyzinae | Ophiomyia,7527V,1553224,7527V,1553224
B249:1:87,Ophiomyia heringi Starý,Starý,Ophiomyia,,heringi,,species,,B249:1,accepted,,,B249:1:77,"Ophiomyia Braschnikov, 1897",,,,,Agromyzidae,Agromyzinae,Ophiomyia,,Agromyzidae | Agromyzinae | Ophiomyia,49Y8R,1553048,49Y8R,1553048
B249:1:88,Ophiomyia alliariae Hering,Hering,Ophiomyia,,alliariae,,species,,B249:1,accepted,,,B249:1:77,"Ophiomyia Braschnikov, 1897",,,,,Agromyzidae,Agromyzinae,Ophiomyia,,Agromyzidae | Agromyzinae | Ophiomyia,6SPVZ,1553016,6SPVZ,1553016
B249:1:89,Ophiomyia galii Hering,Hering,Ophiomyia,,galii,,species,,B249:1,accepted,,,B249:1:77,"Ophiomyia Braschnikov, 1897",,,,,Agromyzidae,Agromyzinae,Ophiomyia,,Agromyzidae | Agromyzinae | Ophiomyia,49Y8D,1553088,49Y8D,1553088
B249:1:90,Ophiomyia curvipalpis (Zetterstedt),(Zetterstedt),Ophiomyia,,curvipalpis,,species,,B249:1,accepted,,,B249:1:77,"Ophiomyia Braschnikov, 1897",,,,,Agromyzidae,Agromyzinae,Ophiomyia,,Agromyzidae | Agromyzinae | Ophiomyia,49Y7D,1553193,49Y7D,1553193
B249:1:91,Ophiomyia ranunculicaulis Hering,Hering,Ophiomyia,,ranunculicaulis,,species,,B249:1,accepted,,,B249:1:77,"Ophiomyia Braschnikov, 1897",,,,,Agromyzidae,Agromyzinae,Ophiomyia,,Agromyzidae | Agromyzinae | Ophiomyia,49YC3,1553279,49YC3,1553279
B249:1:92,Ophiomyia gnaphalii Hering,Hering,Ophiomyia,,gnaphalii,,species,,B249:1,accepted,,,B249:1:77,"Ophiomyia Braschnikov, 1897",,,,,Agromyzidae,Agromyzinae,Ophiomyia,,Agromyzidae | Agromyzinae | Ophiomyia,49Y8J,1553074,49Y8J,1553074
B249:1:93,Ophiomyia seneciocina Hering,Hering,Ophiomyia,,seneciocina,,species,,B249:1,accepted,,,B249:1:77,"Ophiomyia Braschnikov, 1897",,,,,Agromyzidae,Agromyzinae,Ophiomyia,,Agromyzidae | Agromyzinae | Ophiomyia,6T286,1552978,6T286,1552978
B249:1:94,Ophiomyia melandricaulis Hering,Hering,Ophiomyia,,melandricaulis,,species,,B249:1,accepted,,,B249:1:77,"Ophiomyia Braschnikov, 1897",,,,,Agromyzidae,Agromyzinae,Ophiomyia,,Agromyzidae | Agromyzinae | Ophiomyia,74PW9,1553131,74PW9,1553131
B249:1:95,Ophiomyia definita Spencer,Spencer,Ophiomyia,,definita,,species,,B249:1,accepted,,,B249:1:77,"Ophiomyia Braschnikov, 1897",,,,,Agromyzidae,Agromyzinae,Ophiomyia,,Agromyzidae | Agromyzinae | Ophiomyia,49Y7L,1553093,49Y7L,1553093
B249:1:96,Ophiomyia labiatarum Hering,Hering,Ophiomyia,,labiatarum,,species,,B249:1,accepted,,,B249:1:77,"Ophiomyia Braschnikov, 1897",,,,,Agromyzidae,Agromyzinae,Ophiomyia,,Agromyzidae | Agromyzinae | Ophiomyia,49Y9D,1553116,49Y9D,1553116
B249:1:97,Ophiomyia collini Spencer,Spencer,Ophiomyia,,collini,,species,,B249:1,accepted,,,B249:1:77,"Ophiomyia Braschnikov, 1897",,,,,Agromyzidae,Agromyzinae,Ophiomyia,,Agromyzidae | Agromyzinae | Ophiomyia,49Y6X,1553181,49Y6X,1553181
B249:1:98,Ophiomyia aquilegiana Lundquist,Lundquist,Ophiomyia,,aquilegiana,,species,,B249:1,accepted,,,B249:1:77,"Ophiomyia Braschnikov, 1897",,,,,Agromyzidae,Agromyzinae,Ophiomyia,,Agromyzidae | Agromyzinae | Ophiomyia,,4517370,,4517370
B249:1:99,Ophiomyia thalictrina Griffiths,Griffiths,Ophiomyia,,thalictrina,,species,,B249:1,synonym,B249:1:98,Ophiomyia aquilegiana Lundquist,,,,,,,Agromyzidae,Agromyzinae,Ophiomyia,,Agromyzidae | Agromyzinae | Ophiomyia,,4517371,,4517370
B249:1:100,Ophiomyia maura (Meigen),(Meigen),Ophiomyia,,maura,,species,,B249:1,accepted,,,B249:1:77,"Ophiomyia Braschnikov, 1897",,,,,Agromyzidae,Agromyzinae,Ophiomyia,,Agromyzidae | Agromyzinae | Ophiomyia,6T289,1553106,6T289,1553106
B249:1:101,Ophiomyia rostrata (Hendel),(Hendel),Ophiomyia,,rostrata,,species,,B249:1,accepted,,,B249:1:77,"Ophiomyia Braschnikov, 1897",,,,,Agromyzidae,Agromyzinae,Ophiomyia,,Agromyzidae | Agromyzinae | Ophiomyia,49YC8,1553044,49YC8,1553044
B249:1:102,Ophiomyia melandryi,,Ophiomyia,,melandryi,,species,de Meijere,B249:1,accepted,,,B249:1:77,"Ophiomyia Braschnikov, 1897",,,,,Agromyzidae,Agromyzinae,Ophiomyia,,Agromyzidae | Agromyzinae | Ophiomyia,74Q7X,1553280,74Q7X,1553280
B249:1:103,Ophiomyia heracleivora Spencer,Spencer,Ophiomyia,,heracleivora,,species,,B249:1,accepted,,,B249:1:77,"Ophiomyia Braschnikov, 1897",,,,,Agromyzidae,Agromyzinae,Ophiomyia,,Agromyzidae | Agromyzinae | Ophiomyia,49Y8Q,1553063,49Y8Q,1553063
B249:1:104,"Hexomyza Enderlein, 1936","Enderlein, 1936",,,,,genus,,B249:1,accepted,,,B249:1:2,Agromyzinae,,,,,Agromyzidae,Agromyzinae,Hexomyza,,Agromyzidae | Agromyzinae,4X38,1552077,4X38,1552077
B249:1:105,Hexomyza simplicoides (Hendel),(Hendel),Hexomyza,,simplicoides,,species,,B249:1,accepted,,,B249:1:104,"Hexomyza Enderlein, 1936",,,,,Agromyzidae,Agromyzinae,Hexomyza,,Agromyzidae | Agromyzinae | Hexomyza,,1552083,,11168736
B249:1:106,Hexomyza sarothamni (Hendel),(Hendel),Hexomyza,,sarothamni,,species,,B249:1,accepted,,,B249:1:104,"Hexomyza Enderlein, 1936",,,,,Agromyzidae,Agromyzinae,Hexomyza,,Agromyzidae | Agromyzinae | Hexomyza,,1552093,,11173139
B249:1:107,Hexomyza schineri (Giraud),(Giraud),Hexomyza,,schineri,,species,,B249:1,accepted,,,B249:1:104,"Hexomyza Enderlein, 1936",,,,,Agromyzidae,Agromyzinae,Hexomyza,,Agromyzidae | Agromyzinae | Hexomyza,,1552094,,10876010
B249:1:108,Phytomyzinae,,,,,,subfamily,,B249:1,accepted,,,B249:1:1,Agromyzidae,,,,,Agromyzidae,Phytomyzinae,,,Agromyzidae,8VSS4,,8VSS4,
B249:1:109,"Amauromyza Hendel, 1931","Hendel, 1931",,,,,genus,,B249:1,accepted,,,B249:1:108,Phytomyzinae,,,,,Agromyzidae,Phytomyzinae,Amauromyza,,Agromyzidae | Phytomyzinae,TBF,1554131,TBF,1554131
B249:1:110,Amauromyza,,,,,,subgenus,,B249:1,accepted,,,B249:1:109,"Amauromyza Hendel, 1931",,,,,Agromyzidae,Phytomyzinae,Amauromyza,Amauromyza,Agromyzidae | Phytomyzinae | Amauromyza,TBF,,TBF,
B249:1:111,Amauromyza morionella (Zetterstedt),(Zetterstedt),Amauromyza,,morionella,,species,,B249:1,accepted,,,B249:1:110,Amauromyza,,,,,Agromyzidae,Phytomyzinae,Amauromyza,Amauromyza,Agromyzidae | Phytomyzinae | Amauromyza | Amauromyza,89XWC,1554157,89XWC,1554157
B249:1:112,Campanulomyza,,,,,,subgenus,,B249:1,accepted,,,B249:1:109,"Amauromyza Hendel, 1931",,,,,Agromyzidae,Phytomyzinae,Amauromyza,Campanulomyza,Agromyzidae | Phytomyzinae | Amauromyza,,,,
B249:1:113,Amauromyza gyrans (Fallén),(Fallén),Amauromyza,,gyrans,,species,,B249:1,accepted,,,B249:1:112,Campanulomyza,,,,,Agromyzidae,Phytomyzinae,Amauromyza,Campanulomyza,Agromyzidae | Phytomyzinae | Amauromyza | Campanulomyza,89XZP,1554189,89XZP,1554189
B249:1:114,Cephalomyza,,,,,,subgenus,,B249:1,accepted,,,B249:1:109,"Amauromyza Hendel, 1931",,,,,Agromyzidae,Phytomyzinae,Amauromyza,Cephalomyza,Agromyzidae | Phytomyzinae | Amauromyza,8VV92,,8VV92,
B249:1:115,Amauromyza luteiceps (Hendel),(Hendel),Amauromyza,,luteiceps,,species,,B249:1,accepted,,,B249:1:114,Cephalomyza,,,,,Agromyzidae,Phytomyzinae,Amauromyza,Cephalomyza,Agromyzidae | Phytomyzinae | Amauromyza | Cephalomyza,89XXK,1554155,89XXK,1554155
B249:1:116,Amauromyza chenopodivora Spencer,Spencer,Amauromyza,,chenopodivora,,species,,B249:1,accepted,,,B249:1:114,Cephalomyza,,,,,Agromyzidae,Phytomyzinae,Amauromyza,Cephalomyza,Agromyzidae | Phytomyzinae | Amauromyza | Cephalomyza,89XX4,1554146,89XX4,1554146
B249:1:117,Amauromyza abnormalis,,Amauromyza,,abnormalis,,species,auctt.,B249:1,synonym,B249:1:116,Amauromyza chenopodivora Spencer,,,,,,,Agromyzidae,Phytomyzinae,Amauromyza,Cephalomyza,Agromyzidae | Phytomyzinae | Amauromyza | Cephalomyza,89XWP,1554139,89XWP,1554139
B249:1:118,Amauromyza monfalconensis (Strobl),(Strobl),Amauromyza,,monfalconensis,,species,,B249:1,accepted,,,B249:1:114,Cephalomyza,,,,,Agromyzidae,Phytomyzinae,Amauromyza,Cephalomyza,Agromyzidae | Phytomyzinae | Amauromyza | Cephalomyza,89XXR,1554149,89XXR,1554149
B249:1:119,Trilobomyza,,,,,,subgenus,,B249:1,accepted,,,B249:1:109,"Amauromyza Hendel, 1931",,,,,Agromyzidae,Phytomyzinae,Amauromyza,Trilobomyza,Agromyzidae | Phytomyzinae | Amauromyza,89TFH,,89TFH,
B249:1:120,Amauromyza verbasci (Bouché),(Bouché),Amauromyza,,verbasci,,species,,B249:1,accepted,,,B249:1:119,Trilobomyza,,,,,Agromyzidae,Phytomyzinae,Amauromyza,Trilobomyza,Agromyzidae | Phytomyzinae | Amauromyza | Trilobomyza,89XZR,1554160,89XZR,1554160
B249:1:121,Amauromyza flavifrons (Meigen),(Meigen),Amauromyza,,flavifrons,,species,,B249:1,accepted,,,B249:1:119,Trilobomyza,,,,,Agromyzidae,Phytomyzinae,Amauromyza,Trilobomyza,Agromyzidae | Phytomyzinae | Amauromyza | Trilobomyza,89XXB,1554211,89XXB,1554211
B249:1:122,Amauromyza labiatarum (Hendel),(Hendel),Amauromyza,,labiatarum,,species,,B249:1,accepted,,,B249:1:119,Trilobomyza,,,,,Agromyzidae,Phytomyzinae,Amauromyza,Trilobomyza,Agromyzidae | Phytomyzinae | Amauromyza | Trilobomyza,89XZQ,1554147,89XZQ,1554147
B249:1:123,"Phytobia Lioy, 1864","Lioy, 1864",,,,,genus,,B249:1,accepted,,,B249:1:108,Phytomyzinae,,,,,Agromyzidae,Phytomyzinae,Phytobia,,Agromyzidae | Phytomyzinae,9H73T,1552619,9H73T,1552619
B249:1:124,Phytobia errans (Meigen),(Meigen),Phytobia,,errans,,species,,B249:1,accepted,,,B249:1:123,"Phytobia Lioy, 1864",,,,,Agromyzidae,Phytomyzinae,Phytobia,,Agromyzidae | Phytomyzinae | Phytobia,4HK66,1552666,4HK66,1552666
B249:1:125,Phytobia cerasiferae (Kangas),(Kangas),Phytobia,,cerasiferae,,species,,B249:1,accepted,,,B249:1:123,"Phytobia Lioy, 1864",,,,,Agromyzidae,Phytomyzinae,Phytobia,,Agromyzidae | Phytomyzinae | Phytobia,4HK5T,1552700,4HK5T,1552700
B249:1:126,Phytobia carbonaria (Zetterstedt),(Zetterstedt),Phytobia,,carbonaria,,species,,B249:1,accepted,,,B249:1:123,"Phytobia Lioy, 1864",,,,,Agromyzidae,Phytomyzinae,Phytobia,,Agromyzidae | Phytomyzinae | Phytobia,4HK5S,1552718,4HK5S,1552718
B249:1:127,Phytobia latigenis Hendel,Hendel,Phytobia,,latigenis,,species,,B249:1,synonym,B249:1:126,Phytobia carbonaria (Zetterstedt),,,,,,,Agromyzidae,Phytomyzinae,Phytobia,,Agromyzidae | Phytomyzinae | Phytobia,,8501757,,1552718
B249:1:128,Phytobia cambii (Hendel),(Hendel),Phytobia,,cambii,,species,,B249:1,accepted,,,B249:1:123,"Phytobia Lioy, 1864",,,,,Agromyzidae,Phytomyzinae,Phytobia,,Agromyzidae | Phytomyzinae | Phytobia,4HK5R,1552743,4HK5R,1552743
B249:1:129,Phytobia barnesi Hendel,Hendel,Phytobia,,barnesi,,species,,B249:1,synonym,B249:1:128,Phytobia cambii (Hendel),,,,,,,Agromyzidae,Phytomyzinae,Phytobia,,Agromyzidae | Phytomyzinae | Phytobia,,8681842,,1552743
B249:1:130,Phytobia tremulae Kangas,Kangas,Phytobia,,tremulae,,species,,B249:1,synonym,B249:1:128,Phytobia cambii (Hendel),,,,,,,Agromyzidae,Phytomyzinae,Phytobia,,Agromyzidae | Phytomyzinae | Phytobia,,8549332,,1552743
B249:1:131,"Cerodontha Rondani, 1861","Rondani, 1861",,,,,genus,,B249:1,accepted,,,B249:1:108,Phytomyzinae,,,,,Agromyzidae,Phytomyzinae,Cerodontha,,Agromyzidae | Phytomyzinae,87DX2,1552225,87DX2,1552225
B249:1:132,"Cerodontha Rondani, 1861","Rondani, 1861",,,,,subgenus,,B249:1,accepted,,,B249:1:131,"Cerodontha Rondani, 1861",,,,,Agromyzidae,Phytomyzinae,Cerodontha,Cerodontha,Agromyzidae | Phytomyzinae | Cerodontha,87DX2,,87DX2,
B249:1:133,Cerodontha denticornis (Panzer),(Panzer),Cerodontha,,denticornis,,species,,B249:1,accepted,,,B249:1:132,"Cerodontha Rondani, 1861",,,,,Agromyzidae,Phytomyzinae,Cerodontha,Cerodontha,Agromyzidae | Phytomyzinae | Cerodontha | Cerodontha,8BDWX,1552403,8BDWX,1552403
B249:1:134,Cerodontha fulvipes (Meigen),(Meigen),Cerodontha,,fulvipes,,species,,B249:1,accepted,,,B249:1:132,"Cerodontha Rondani, 1861",,,,,Agromyzidae,Phytomyzinae,Cerodontha,Cerodontha,Agromyzidae | Phytomyzinae | Cerodontha | Cerodontha,8BDX6,1552512,8BDX6,1552512
B249:1:135,Cerodontha femoralis Zetterstedt,Zetterstedt,Cerodontha,,femoralis,,species,,B249:1,synonym,B249:1:134,Cerodontha fulvipes (Meigen),,,,,,,Agromyzidae,Phytomyzinae,Cerodontha,Cerodontha,Agromyzidae | Phytomyzinae | Cerodontha | Cerodontha,,8680032,,1552512
B249:1:136,Cerodontha hennigi Nowakowski,Nowakowski,Cerodontha,,hennigi,,species,,B249:1,accepted,,,B249:1:132,"Cerodontha Rondani, 1861",,,,,Agromyzidae,Phytomyzinae,Cerodontha,Cerodontha,Agromyzidae | Phytomyzinae | Cerodontha | Cerodontha,8BDXC,1552523,8BDXC,1552523
B249:1:137,Cerodontha lateralis (Zetterstedt),(Zetterstedt),Cerodontha,,lateralis,,species,,B249:1,synonym,B249:1:136,Cerodontha hennigi Nowakowski,,,,,,,Agromyzidae,Phytomyzinae,Cerodontha,Cerodontha,Agromyzidae | Phytomyzinae | Cerodontha | Cerodontha,9H8DZ,4571482,9H8DZ,1552523
B249:1:138,"Xenophytomyza Frey, 1946","Frey, 1946",,,,,subgenus,,B249:1,accepted,,,B249:1:131,"Cerodontha Rondani, 1861",,,,,Agromyzidae,Phytomyzinae,Cerodontha,Xenophytomyza,Agromyzidae | Phytomyzinae | Cerodontha,89TH6,,89TH6,
B249:1:139,Cerodontha atronitens (Hendel),(Hendel),Cerodontha,,atronitens,,species,,B249:1,accepted,,,B249:1:138,"Xenophytomyza Frey, 1946",,,,,Agromyzidae,Phytomyzinae,Cerodontha,Xenophytomyza,Agromyzidae | Phytomyzinae | Cerodontha | Xenophytomyza,8BF32,1552448,8BF32,1552448
B249:1:140,Cerodontha biseta (Hendel),(Hendel),Cerodontha,,biseta,,species,,B249:1,accepted,,,B249:1:138,"Xenophytomyza Frey, 1946",,,,,Agromyzidae,Phytomyzinae,Cerodontha,Xenophytomyza,Agromyzidae | Phytomyzinae | Cerodontha | Xenophytomyza,8BF34,1552385,8BF34,1552385
B249:1:141,"Poemyza Hendel, 1931","Hendel, 1931",,,,,subgenus,,B249:1,accepted,,,B249:1:131,"Cerodontha Rondani, 1861",,,,,Agromyzidae,Phytomyzinae,Cerodontha,Poemyza,Agromyzidae | Phytomyzinae | Cerodontha,9GLW7,,9GLW7,
B249:1:142,Cerodontha cingulata (Zetterstedt),(Zetterstedt),Cerodontha,,cingulata,,species,,B249:1,accepted,,,B249:1:141,"Poemyza Hendel, 1931",,,,,Agromyzidae,Phytomyzinae,Cerodontha,Poemyza,Agromyzidae | Phytomyzinae | Cerodontha | Poemyza,8BF4M,1552606,8BF4M,1552606
B249:1:143,Cerodontha phalaridis Nowakowski,Nowakowski,Cerodontha,,phalaridis,,species,,B249:1,accepted,,,B249:1:141,"Poemyza Hendel, 1931",,,,,Agromyzidae,Phytomyzinae,Cerodontha,Poemyza,Agromyzidae | Phytomyzinae | Cerodontha | Poemyza,8BF5S,1552509,8BF5S,1552509
B249:1:144,Cerodontha muscina (Meigen),(Meigen),Cerodontha,,muscina,,species,,B249:1,accepted,,,B249:1:141,"Poemyza Hendel, 1931",,,,,Agromyzidae,Phytomyzinae,Cerodontha,Poemyza,Agromyzidae | Phytomyzinae | Cerodontha | Poemyza,8BF5H,1552471,8BF5H,1552471
B249:1:145,Cerodontha lateralis (Macquart),(Macquart),Cerodontha,,lateralis,,species,,B249:1,accepted,,,B249:1:141,"Poemyza Hendel, 1931",,,,,Agromyzidae,Phytomyzinae,Cerodontha,Poemyza,Agromyzidae | Phytomyzinae | Cerodontha | Poemyza,9H8DZ,8700389,9H8DZ,1552703
B249:1:146,Cerodontha superciliosa (Zetterstedt),(Zetterstedt),Cerodontha,,superciliosa,,species,,B249:1,accepted,,,B249:1:141,"Poemyza Hendel, 1931",,,,,Agromyzidae,Phytomyzinae,Cerodontha,Poemyza,Agromyzidae | Phytomyzinae | Cerodontha | Poemyza,8BF6D,1552501,8BF6D,1552501
B249:1:147,Cerodontha pygmaea (Meigen),(Meigen),Cerodontha,,pygmaea,,species,,B249:1,accepted,,,B249:1:141,"Poemyza Hendel, 1931",,,,,Agromyzidae,Phytomyzinae,Cerodontha,Poemyza,Agromyzidae | Phytomyzinae | Cerodontha | Poemyza,8BF5X,1552553,8BF5X,1552553
B249:1:148,Cerodontha incisa (Meigen),(Meigen),Cerodontha,,incisa,,species,,B249:1,accepted,,,B249:1:141,"Poemyza Hendel, 1931",,,,,Agromyzidae,Phytomyzinae,Cerodontha,Poemyza,Agromyzidae | Phytomyzinae | Cerodontha | Poemyza,8BF4Y,1552544,8BF4Y,1552544
B249:1:149,Cerodontha hammi Spencer,Spencer,Cerodontha,,hammi,,species,,B249:1,accepted,,,B249:1:141,"Poemyza Hendel, 1931",,,,,Agromyzidae,Phytomyzinae,Cerodontha,Poemyza,Agromyzidae | Phytomyzinae | Cerodontha | Poemyza,887ZC,1552547,8BF4Y,1552544
B249:1:150,Cerodontha phragmitidis Nowakowski,Nowakowski,Cerodontha,,phragmitidis,,species,,B249:1,accepted,,,B249:1:141,"Poemyza Hendel, 1931",,,,,Agromyzidae,Phytomyzinae,Cerodontha,Poemyza,Agromyzidae | Phytomyzinae | Cerodontha | Poemyza,8BF5T,1552524,8BF5T,1552524
B249:1:151,Cerodontha deschampsiae Spencer,Spencer,Cerodontha,,deschampsiae,,species,,B249:1,accepted,,,B249:1:141,"Poemyza Hendel, 1931",,,,,Agromyzidae,Phytomyzinae,Cerodontha,Poemyza,Agromyzidae | Phytomyzinae | Cerodontha | Poemyza,,7934494,,1552460
B249:1:152,Cerodontha atra (Meigen),(Meigen),Cerodontha,,atra,,species,,B249:1,accepted,,,B249:1:141,"Poemyza Hendel, 1931",,,,,Agromyzidae,Phytomyzinae,Cerodontha,Poemyza,Agromyzidae | Phytomyzinae | Cerodontha | Poemyza,8BF48,1552474,8BF48,1552474
B249:1:153,"Phytagromyza Hendel, 1920","Hendel, 1920",,,,,subgenus,,B249:1,accepted,,,B249:1:131,"Cerodontha Rondani, 1861",,,,,Agromyzidae,Phytomyzinae,Cerodontha,Phytagromyza,Agromyzidae | Phytomyzinae | Cerodontha,9WLFQ,,9WLFQ,
B249:1:154,"Crastemyza Nowakowski, 1967","Nowakowski, 1967",,,,,subgenus,,B249:1,synonym,B249:1:153,"Phytagromyza Hendel, 1920",,,,,,,Agromyzidae,Phytomyzinae,Cerodontha,Crastemyza,Agromyzidae | Phytomyzinae | Cerodontha,,,,
B249:1:155,Cerodontha flavocingulata (Strobl),(Strobl),Cerodontha,,flavocingulata,,species,,B249:1,accepted,,,B249:1:153,"Phytagromyza Hendel, 1920",,,,,Agromyzidae,Phytomyzinae,Cerodontha,Phytagromyza,Agromyzidae | Phytomyzinae | Cerodontha | Phytagromyza,8BF3Z,1552271,8BF3Z,1552271
B249:1:156,"Dizygomyza Hendel, 1920","Hendel, 1920",,,,,subgenus,,B249:1,accepted,,,B249:1:131,"Cerodontha Rondani, 1861",,,,,Agromyzidae,Phytomyzinae,Cerodontha,Dizygomyza,Agromyzidae | Phytomyzinae | Cerodontha,9XCN2,,9XCN2,
B249:1:157,Cerodontha fonsecai Spencer,Spencer,Cerodontha,,fonsecai,,species,,B249:1,accepted,,,B249:1:156,"Dizygomyza Hendel, 1920",,,,,Agromyzidae,Phytomyzinae,Cerodontha,Dizygomyza,Agromyzidae | Phytomyzinae | Cerodontha | Dizygomyza,887YY,1552576,8BDVV,1552575
B249:1:158,Cerodontha scirpi (Karl),(Karl),Cerodontha,,scirpi,,species,,B249:1,accepted,,,B249:1:156,"Dizygomyza Hendel, 1920",,,,,Agromyzidae,Phytomyzinae,Cerodontha,Dizygomyza,Agromyzidae | Phytomyzinae | Cerodontha | Dizygomyza,8BDVY,1552601,8BDVY,1552601
B249:1:159,Cerodontha angulata (Loew),(Loew),Cerodontha,,angulata,,species,,B249:1,accepted,,,B249:1:156,"Dizygomyza Hendel, 1920",,,,,Agromyzidae,Phytomyzinae,Cerodontha,Dizygomyza,Agromyzidae | Phytomyzinae | Cerodontha | Dizygomyza,9H8DV,1552349,9H8DV,1552349
B249:1:160,Cerodontha semiposticata Hendel,Hendel,Cerodontha,,semiposticata,,species,,B249:1,synonym,B249:1:159,Cerodontha angulata (Loew),,,,,,,Agromyzidae,Phytomyzinae,Cerodontha,Dizygomyza,Agromyzidae | Phytomyzinae | Cerodontha | Dizygomyza,,4796688,,1552349
B249:1:161,Cerodontha mellita Spencer,Spencer,Cerodontha,,mellita,,species,,B249:1,accepted,,,B249:1:156,"Dizygomyza Hendel, 1920",,,,,Agromyzidae,Phytomyzinae,Cerodontha,Dizygomyza,Agromyzidae | Phytomyzinae | Cerodontha | Dizygomyza,8BDVP,1552234,8BDVP,1552234
B249:1:162,Cerodontha eucaricis Nowakowski,Nowakowski,Cerodontha,,eucaricis,,species,,B249:1,accepted,,,B249:1:156,"Dizygomyza Hendel, 1920",,,,,Agromyzidae,Phytomyzinae,Cerodontha,Dizygomyza,Agromyzidae | Phytomyzinae | Cerodontha | Dizygomyza,,4517587,,4517587
B249:1:163,Cerodontha crassiseta (Strobl),(Strobl),Cerodontha,,crassiseta,,species,,B249:1,accepted,,,B249:1:156,"Dizygomyza Hendel, 1920",,,,,Agromyzidae,Phytomyzinae,Cerodontha,Dizygomyza,Agromyzidae | Phytomyzinae | Cerodontha | Dizygomyza,8BDYX,1552593,8BDYX,1552593
B249:1:164,Cerodontha fasciata (Strobl),(Strobl),Cerodontha,,fasciata,,species,,B249:1,accepted,,,B249:1:156,"Dizygomyza Hendel, 1920",,,,,Agromyzidae,Phytomyzinae,Cerodontha,Dizygomyza,Agromyzidae | Phytomyzinae | Cerodontha | Dizygomyza,8BDZ2,1552317,8BDZ2,1552317
B249:1:165,Cerodontha plumbea Hendel,Hendel,Cerodontha,,plumbea,,species,,B249:1,synonym,B249:1:164,Cerodontha fasciata (Strobl),,,,,,,Agromyzidae,Phytomyzinae,Cerodontha,Dizygomyza,Agromyzidae | Phytomyzinae | Cerodontha | Dizygomyza,,8596543,,1552317
B249:1:166,Cerodontha iridis (Hendel),(Hendel),Cerodontha,,iridis,,species,,B249:1,accepted,,,B249:1:156,"Dizygomyza Hendel, 1920",,,,,Agromyzidae,Phytomyzinae,Cerodontha,Dizygomyza,Agromyzidae | Phytomyzinae | Cerodontha | Dizygomyza,,4517591,,1552635
B249:1:167,Cerodontha caricicola (Hering),(Hering),Cerodontha,,caricicola,,species,,B249:1,accepted,,,B249:1:156,"Dizygomyza Hendel, 1920",,,,,Agromyzidae,Phytomyzinae,Cerodontha,Dizygomyza,Agromyzidae | Phytomyzinae | Cerodontha | Dizygomyza,8BDYQ,1552247,8BDYQ,1552247
B249:1:168,Cerodontha soenderupi Hering,Hering,Cerodontha,,soenderupi,,species,,B249:1,synonym,B249:1:167,Cerodontha caricicola (Hering),,,,,,,Agromyzidae,Phytomyzinae,Cerodontha,Dizygomyza,Agromyzidae | Phytomyzinae | Cerodontha | Dizygomyza,,11364069,,1552247
B249:1:169,Cerodontha bimaculata (Meigen),(Meigen),Cerodontha,,bimaculata,,species,,B249:1,accepted,,,B249:1:156,"Dizygomyza Hendel, 1920",,,,,Agromyzidae,Phytomyzinae,Cerodontha,Dizygomyza,Agromyzidae | Phytomyzinae | Cerodontha | Dizygomyza,8BDYL,1552427,8BDYL,1552427
B249:1:170,Cerodontha luctuosa (Meigen),(Meigen),Cerodontha,,luctuosa,,species,,B249:1,accepted,,,B249:1:156,"Dizygomyza Hendel, 1920",,,,,Agromyzidae,Phytomyzinae,Cerodontha,Dizygomyza,Agromyzidae | Phytomyzinae | Cerodontha | Dizygomyza,8BDZT,1552424,8BDZT,1552424
B249:1:171,Cerodontha effusi Karl,Karl,Cerodontha,,effusi,,species,,B249:1,synonym,B249:1:170,Cerodontha luctuosa (Meigen),,,,,,,Agromyzidae,Phytomyzinae,Cerodontha,Dizygomyza,Agromyzidae | Phytomyzinae | Cerodontha | Dizygomyza,,6098613,,1552424
B249:1:172,Cerodontha suturalis (Hendel),(Hendel),Cerodontha,,suturalis,,species,,B249:1,accepted,,,B249:1:156,"Dizygomyza Hendel, 1920",,,,,Agromyzidae,Phytomyzinae,Cerodontha,Dizygomyza,Agromyzidae | Phytomyzinae | Cerodontha | Dizygomyza,8BF2S,1552259,8BF2S,1552259
B249:1:173,Cerodontha ireos (Goureau),(Goureau),Cerodontha,,ireos,,species,,B249:1,accepted,,,B249:1:156,"Dizygomyza Hendel, 1920",,,,,Agromyzidae,Phytomyzinae,Cerodontha,Dizygomyza,Agromyzidae | Phytomyzinae | Cerodontha | Dizygomyza,,1552439,,4517595
B249:1:174,Cerodontha iraeos Robineau-Desvoidy,Robineau-Desvoidy,Cerodontha,,iraeos,,species,,B249:1,synonym,B249:1:173,Cerodontha ireos (Goureau),,,,,,,Agromyzidae,Phytomyzinae,Cerodontha,Dizygomyza,Agromyzidae | Phytomyzinae | Cerodontha | Dizygomyza,,4517595,,4517595
B249:1:175,"Icteromyza Hendel, 1931","Hendel, 1931",,,,,subgenus,,B249:1,accepted,,,B249:1:131,"Cerodontha Rondani, 1861",,,,,Agromyzidae,Phytomyzinae,Cerodontha,Icteromyza,Agromyzidae | Phytomyzinae | Cerodontha,89SH9,,89SH9,
B249:1:176,Cerodontha capitata (Zetterstedt),(Zetterstedt),Cerodontha,,capitata,,species,,B249:1,accepted,,,B249:1:175,"Icteromyza Hendel, 1931",,,,,Agromyzidae,Phytomyzinae,Cerodontha,Icteromyza,Agromyzidae | Phytomyzinae | Cerodontha | Icteromyza,8BF37,1552322,8BF37,1552322
B249:1:177,Cerodontha geniculata (Fallén),(Fallén),Cerodontha,,geniculata,,species,,B249:1,accepted,,,B249:1:175,"Icteromyza Hendel, 1931",,,,,Agromyzidae,Phytomyzinae,Cerodontha,Icteromyza,Agromyzidae | Phytomyzinae | Cerodontha | Icteromyza,8BF3G,1552420,8BF3G,1552420
B249:1:178,Cerodontha lineella (Zetterstedt),(Zetterstedt),Cerodontha,,lineella,,species,,B249:1,accepted,,,B249:1:175,"Icteromyza Hendel, 1931",,,,,Agromyzidae,Phytomyzinae,Cerodontha,Icteromyza,Agromyzidae | Phytomyzinae | Cerodontha | Icteromyza,8BF3J,1552297,8BF3J,1552297
B249:1:179,Cerodontha hirticeps Hendel,Hendel,Cerodontha,,hirticeps,,species,,B249:1,synonym,B249:1:178,Cerodontha lineella (Zetterstedt),,,,,,,Agromyzidae,Phytomyzinae,Cerodontha,Icteromyza,Agromyzidae | Phytomyzinae | Cerodontha | Icteromyza,,8471813,,1552297
B249:1:180,Cerodontha bohemanni (Rydén),(Rydén),Cerodontha,,bohemanni,,species,,B249:1,accepted,,,B249:1:175,"Icteromyza Hendel, 1931",,,,,Agromyzidae,Phytomyzinae,Cerodontha,Icteromyza,Agromyzidae | Phytomyzinae | Cerodontha | Icteromyza,8BF36,1552326,8BF36,1552326
B249:1:181,"Nemorimyza Frey, 1946","Frey, 1946",,,,,genus,,B249:1,accepted,,,B249:1:108,Phytomyzinae,,,,,Agromyzidae,Phytomyzinae,Nemorimyza,,Agromyzidae | Phytomyzinae,5YL2,1554220,5YL2,1554220
B249:1:182,Nemorimyza posticata (Meigen),(Meigen),Nemorimyza,,posticata,,species,,B249:1,accepted,,,B249:1:181,"Nemorimyza Frey, 1946",,,,,Agromyzidae,Phytomyzinae,Nemorimyza,,Agromyzidae | Phytomyzinae | Nemorimyza,46967,1554221,46967,1554221
B249:1:183,"Liriomyza Mik, 1894","Mik, 1894",,,,,genus,,B249:1,accepted,,,B249:1:108,Phytomyzinae,,,,,Agromyzidae,Phytomyzinae,Liriomyza,,Agromyzidae | Phytomyzinae,9GLHG,1553283,9GLHG,1553283
B249:1:184,Liriomyza morio (Brischke),(Brischke),Liriomyza,,morio,,species,,B249:1,accepted,,,B249:1:183,"Liriomyza Mik, 1894",,,,,Agromyzidae,Phytomyzinae,Liriomyza,,Agromyzidae | Phytomyzinae | Liriomyza,,10862436,,1552741
B249:1:185,Liriomyza angulicornis (Malloch),(Malloch),Liriomyza,,angulicornis,,species,,B249:1,accepted,,,B249:1:183,"Liriomyza Mik, 1894",,,,,Agromyzidae,Phytomyzinae,Liriomyza,,Agromyzidae | Phytomyzinae | Liriomyza,3VCHF,1553423,3VCHF,1553423
B249:1:186,Liriomyza triglochinae Hendel,Hendel,Liriomyza,,triglochinae,,species,,B249:1,synonym,B249:1:185,Liriomyza angulicornis (Malloch),,,,,,,Agromyzidae,Phytomyzinae,Liriomyza,,Agromyzidae | Phytomyzinae | Liriomyza,72K4Q,1553425,3VCHF,1553423
B249:1:187,Liriomyza melampyga (Loew),(Loew),Liriomyza,,melampyga,,species,,B249:1,accepted,,,B249:1:183,"Liriomyza Mik, 1894",,,,,Agromyzidae,Phytomyzinae,Liriomyza,,Agromyzidae | Phytomyzinae | Liriomyza,,,,
B249:1:188,Liriomyza impatiens Brischke,Brischke,Liriomyza,,impatiens,,species,,B249:1,synonym,B249:1:187,Liriomyza melampyga (Loew),,,,,,,Agromyzidae,Phytomyzinae,Liriomyza,,Agromyzidae | Phytomyzinae | Liriomyza,,,,
B249:1:189,Liriomyza lutea (Meigen),(Meigen),Liriomyza,,lutea,,species,,B249:1,accepted,,,B249:1:183,"Liriomyza Mik, 1894",,,,,Agromyzidae,Phytomyzinae,Liriomyza,,Agromyzidae | Phytomyzinae | Liriomyza,6QJT8,1553558,6QJT8,1553558
B249:1:190,Liriomyza melanorhabda Hendel,Hendel,Liriomyza,,melanorhabda,,species,,B249:1,synonym,B249:1:189,Liriomyza lutea (Meigen),,,,,,,Agromyzidae,Phytomyzinae,Liriomyza,,Agromyzidae | Phytomyzinae | Liriomyza,3VCQN,1553559,6QJT8,1553558
B249:1:191,Liriomyza orbona (Meigen),(Meigen),Liriomyza,,orbona,,species,,B249:1,accepted,,,B249:1:183,"Liriomyza Mik, 1894",,,,,Agromyzidae,Phytomyzinae,Liriomyza,,Agromyzidae | Phytomyzinae | Liriomyza,3VCS3,1553492,3VCS3,1553492
B249:1:192,Liriomyza orbonella Hendel,Hendel,Liriomyza,,orbonella,,species,,B249:1,synonym,B249:1:191,Liriomyza orbona (Meigen),,,,,,,Agromyzidae,Phytomyzinae,Liriomyza,,Agromyzidae | Phytomyzinae | Liriomyza,3VCS4,1553494,3VCS3,1553492
B249:1:193,Liriomyza protentosa Spencer,Spencer,Liriomyza,,protentosa,,species,,B249:1,accepted,,,B249:1:183,"Liriomyza Mik, 1894",,,,,Agromyzidae,Phytomyzinae,Liriomyza,,Agromyzidae | Phytomyzinae | Liriomyza,,,,
B249:1:194,Liriomyza millefolii Hering,Hering,Liriomyza,,millefolii,,species,,B249:1,accepted,,,B249:1:183,"Liriomyza Mik, 1894",,,,,Agromyzidae,Phytomyzinae,Liriomyza,,Agromyzidae | Phytomyzinae | Liriomyza,3VCQY,1553575,3VCTB,1553573
B249:1:195,Liriomyza cicerina (Rondani),(Rondani),Liriomyza,,cicerina,,species,,B249:1,accepted,,,B249:1:183,"Liriomyza Mik, 1894",,,,,Agromyzidae,Phytomyzinae,Liriomyza,,Agromyzidae | Phytomyzinae | Liriomyza,3VCKV,1553541,3VCKV,1553541
B249:1:196,Liriomyza artemisicola,,Liriomyza,,artemisicola,,species,de Meijere,B249:1,accepted,,,B249:1:183,"Liriomyza Mik, 1894",,,,,Agromyzidae,Phytomyzinae,Liriomyza,,Agromyzidae | Phytomyzinae | Liriomyza,3VCHT,1553298,3VCHT,1553298
B249:1:197,Liriomyza phryne Hendel,Hendel,Liriomyza,,phryne,,species,,B249:1,accepted,,,B249:1:183,"Liriomyza Mik, 1894",,,,,Agromyzidae,Phytomyzinae,Liriomyza,,Agromyzidae | Phytomyzinae | Liriomyza,3VCSW,1553321,3VCSW,1553321
B249:1:198,Liriomyza pedestris Hendel,Hendel,Liriomyza,,pedestris,,species,,B249:1,accepted,,,B249:1:183,"Liriomyza Mik, 1894",,,,,Agromyzidae,Phytomyzinae,Liriomyza,,Agromyzidae | Phytomyzinae | Liriomyza,3VCSK,1553605,3VCTN,1553604
B249:1:199,Liriomyza flaveola (Fallén),(Fallén),Liriomyza,,flaveola,,species,,B249:1,accepted,,,B249:1:183,"Liriomyza Mik, 1894",,,,,Agromyzidae,Phytomyzinae,Liriomyza,,Agromyzidae | Phytomyzinae | Liriomyza,3VCMM,1553669,3VCMM,1553669
B249:1:200,Liriomyza virgo (Zetterstedt),(Zetterstedt),Liriomyza,,virgo,,species,,B249:1,accepted,,,B249:1:183,"Liriomyza Mik, 1894",,,,,Agromyzidae,Phytomyzinae,Liriomyza,,Agromyzidae | Phytomyzinae | Liriomyza,3VCWN,1553585,3VCWN,1553585
B249:1:201,Liriomyza amoena (Meigen),(Meigen),Liriomyza,,amoena,,species,,B249:1,accepted,,,B249:1:183,"Liriomyza Mik, 1894",,,,,Agromyzidae,Phytomyzinae,Liriomyza,,Agromyzidae | Phytomyzinae | Liriomyza,3VCHB,1553293,3VCHB,1553293
B249:1:202,Liriomyza pusio (Meigen),(Meigen),Liriomyza,,pusio,,species,,B249:1,accepted,,,B249:1:183,"Liriomyza Mik, 1894",,,,,Agromyzidae,Phytomyzinae,Liriomyza,,Agromyzidae | Phytomyzinae | Liriomyza,3VCTH,1553642,3VCTH,1553642
B249:1:203,Liriomyza graminicola subsp. de Meijere,Meijere,Liriomyza,,graminicola,de,subspecies,,B249:1,synonym,B249:1:202,Liriomyza pusio (Meigen),,,,,,,Agromyzidae,Phytomyzinae,Liriomyza,,Agromyzidae | Phytomyzinae | Liriomyza,3VCN9,1553644,3VCTH,1553642
B249:1:204,Liriomyza eupatorii (Kaltenbach),(Kaltenbach),Liriomyza,,eupatorii,,species,,B249:1,accepted,,,B249:1:183,"Liriomyza Mik, 1894",,,,,Agromyzidae,Phytomyzinae,Liriomyza,,Agromyzidae | Phytomyzinae | Liriomyza,6QJSV,1553722,6QJSV,1553722
B249:1:205,Liriomyza pusilla (Meigen),(Meigen),Liriomyza,,pusilla,,species,,B249:1,accepted,,,B249:1:183,"Liriomyza Mik, 1894",,,,,Agromyzidae,Phytomyzinae,Liriomyza,,Agromyzidae | Phytomyzinae | Liriomyza,3VCTG,1553661,3VCTG,1553661
B249:1:206,Liriomyza fasciola Meigen,Meigen,Liriomyza,,fasciola,,species,,B249:1,synonym,B249:1:205,Liriomyza pusilla (Meigen),,,,,,,Agromyzidae,Phytomyzinae,Liriomyza,,Agromyzidae | Phytomyzinae | Liriomyza,3VCMJ,1553520,3VCMJ,1553520
B249:1:207,Liriomyza valerianae Hendel,Hendel,Liriomyza,,valerianae,,species,,B249:1,accepted,,,B249:1:183,"Liriomyza Mik, 1894",,,,,Agromyzidae,Phytomyzinae,Liriomyza,,Agromyzidae | Phytomyzinae | Liriomyza,72K52,1553444,72K52,1553444
B249:1:208,Liriomyza bruscae Hering,Hering,Liriomyza,,bruscae,,species,,B249:1,accepted,,,B249:1:183,"Liriomyza Mik, 1894",,,,,Agromyzidae,Phytomyzinae,Liriomyza,,Agromyzidae | Phytomyzinae | Liriomyza,3VCJY,1553528,3VCRV,1553527
B249:1:209,Liriomyza eupatoriana Spencer,Spencer,Liriomyza,,eupatoriana,,species,,B249:1,accepted,,,B249:1:183,"Liriomyza Mik, 1894",,,,,Agromyzidae,Phytomyzinae,Liriomyza,,Agromyzidae | Phytomyzinae | Liriomyza,3VCMC,1553284,3VCMC,1553284
B249:1:210,Liriomyza pascuum (Meigen),(Meigen),Liriomyza,,pascuum,,species,,B249:1,accepted,,,B249:1:183,"Liriomyza Mik, 1894",,,,,Agromyzidae,Phytomyzinae,Liriomyza,,Agromyzidae | Phytomyzinae | Liriomyza,3VCSD,1553454,3VCSD,1553454
B249:1:211,Liriomyza polygalae Hering,Hering,Liriomyza,,polygalae,,species,,B249:1,accepted,,,B249:1:183,"Liriomyza Mik, 1894",,,,,Agromyzidae,Phytomyzinae,Liriomyza,,Agromyzidae | Phytomyzinae | Liriomyza,3VCT4,1553793,3VCT4,1553793
B249:1:212,Liriomyza erucifolii,,Liriomyza,,erucifolii,,species,de Meijere,B249:1,accepted,,,B249:1:183,"Liriomyza Mik, 1894",,,,,Agromyzidae,Phytomyzinae,Liriomyza,,Agromyzidae | Phytomyzinae | Liriomyza,72K4Y,1553312,72K4Y,1553312
B249:1:213,Liriomyza strigata (Meigen),(Meigen),Liriomyza,,strigata,,species,,B249:1,accepted,,,B249:1:183,"Liriomyza Mik, 1894",,,,,Agromyzidae,Phytomyzinae,Liriomyza,,Agromyzidae | Phytomyzinae | Liriomyza,72JSP,1553335,72JSP,1553335
B249:1:214,Liriomyza pumila Meigen,Meigen,Liriomyza,,pumila,,species,,B249:1,synonym,B249:1:213,Liriomyza strigata (Meigen),,,,,,,Agromyzidae,Phytomyzinae,Liriomyza,,Agromyzidae | Phytomyzinae | Liriomyza,,8569501,,1553335
B249:1:215,Liriomyza soror Hendel,Hendel,Liriomyza,,soror,,species,,B249:1,accepted,,,B249:1:183,"Liriomyza Mik, 1894",,,,,Agromyzidae,Phytomyzinae,Liriomyza,,Agromyzidae | Phytomyzinae | Liriomyza,6QK54,1553486,6QK54,1553486
B249:1:216,Liriomyza centaureae Hering,Hering,Liriomyza,,centaureae,,species,,B249:1,accepted,,,B249:1:183,"Liriomyza Mik, 1894",,,,,Agromyzidae,Phytomyzinae,Liriomyza,,Agromyzidae | Phytomyzinae | Liriomyza,3VCKK,1553620,3VCKK,1553620
B249:1:217,Liriomyza solivaga Spencer,Spencer,Liriomyza,,solivaga,,species,,B249:1,accepted,,,B249:1:183,"Liriomyza Mik, 1894",,,,,Agromyzidae,Phytomyzinae,Liriomyza,,Agromyzidae | Phytomyzinae | Liriomyza,6QJT4,1553442,6QJT4,1553442
B249:1:218,Liriomyza tragopogonis,,Liriomyza,,tragopogonis,,species,de Meijere,B249:1,accepted,,,B249:1:183,"Liriomyza Mik, 1894",,,,,Agromyzidae,Phytomyzinae,Liriomyza,,Agromyzidae | Phytomyzinae | Liriomyza,3VCVQ,1553694,3VCVQ,1553694
B249:1:219,Liriomyza flavopicta Hendel,Hendel,Liriomyza,,flavopicta,,species,,B249:1,accepted,,,B249:1:183,"Liriomyza Mik, 1894",,,,,Agromyzidae,Phytomyzinae,Liriomyza,,Agromyzidae | Phytomyzinae | Liriomyza,3VCMT,1553707,3VCMT,1553707
B249:1:220,Liriomyza hampsteadensis Spencer,Spencer,Liriomyza,,hampsteadensis,,species,,B249:1,accepted,,,B249:1:183,"Liriomyza Mik, 1894",,,,,Agromyzidae,Phytomyzinae,Liriomyza,,Agromyzidae | Phytomyzinae | Liriomyza,3VCNJ,1553515,3VCNJ,1553515
B249:1:221,Liriomyza latipalpis Hendel,Hendel,Liriomyza,,latipalpis,,species,,B249:1,accepted,,,B249:1:183,"Liriomyza Mik, 1894",,,,,Agromyzidae,Phytomyzinae,Liriomyza,,Agromyzidae | Phytomyzinae | Liriomyza,3VCPX,1553782,3VCPX,1553782
B249:1:222,Liriomyza bryoniae (Kaltenbach),(Kaltenbach),Liriomyza,,bryoniae,,species,,B249:1,accepted,,,B249:1:183,"Liriomyza Mik, 1894",,,,,Agromyzidae,Phytomyzinae,Liriomyza,,Agromyzidae | Phytomyzinae | Liriomyza,3VCJZ,1553746,3VCJZ,1553746
B249:1:223,Liriomyza solani Hering,Hering,Liriomyza,,solani,,species,,B249:1,synonym,B249:1:222,Liriomyza bryoniae (Kaltenbach),,,,,,,Agromyzidae,Phytomyzinae,Liriomyza,,Agromyzidae | Phytomyzinae | Liriomyza,72K4R,11958986,3VCJZ,1553746
B249:1:224,Liriomyza demeijeri Hendel,Hendel,Liriomyza,,demeijeri,,species,,B249:1,accepted,,,B249:1:183,"Liriomyza Mik, 1894",,,,,Agromyzidae,Phytomyzinae,Liriomyza,,Agromyzidae | Phytomyzinae | Liriomyza,898HG,11262605,9HBCW,1553289
B249:1:225,Liriomyza congesta (Becker),(Becker),Liriomyza,,congesta,,species,,B249:1,accepted,,,B249:1:183,"Liriomyza Mik, 1894",,,,,Agromyzidae,Phytomyzinae,Liriomyza,,Agromyzidae | Phytomyzinae | Liriomyza,3VCL9,1553596,3VCL9,1553596
B249:1:226,Liriomyza sonchi Hendel,Hendel,Liriomyza,,sonchi,,species,,B249:1,accepted,,,B249:1:183,"Liriomyza Mik, 1894",,,,,Agromyzidae,Phytomyzinae,Liriomyza,,Agromyzidae | Phytomyzinae | Liriomyza,6QK4S,1553375,6QK4S,1553375
B249:1:227,Liriomyza taraxaci Hering,Hering,Liriomyza,,taraxaci,,species,,B249:1,accepted,,,B249:1:183,"Liriomyza Mik, 1894",,,,,Agromyzidae,Phytomyzinae,Liriomyza,,Agromyzidae | Phytomyzinae | Liriomyza,3VCVD,1553581,3VCVD,1553581
B249:1:228,Liriomyza hieracii (Kaltenbach),(Kaltenbach),Liriomyza,,hieracii,,species,,B249:1,accepted,,,B249:1:183,"Liriomyza Mik, 1894",,,,,Agromyzidae,Phytomyzinae,Liriomyza,,Agromyzidae | Phytomyzinae | Liriomyza,3VCNW,1553461,3VCNW,1553461
B249:1:229,Liriomyza ptarmicae,,Liriomyza,,ptarmicae,,species,de Meijere,B249:1,accepted,,,B249:1:183,"Liriomyza Mik, 1894",,,,,Agromyzidae,Phytomyzinae,Liriomyza,,Agromyzidae | Phytomyzinae | Liriomyza,3VCTB,1553573,3VCTB,1553573
B249:1:230,Liriomyza tanaceti,,Liriomyza,,tanaceti,,species,de Meijere,B249:1,accepted,,,B249:1:183,"Liriomyza Mik, 1894",,,,,Agromyzidae,Phytomyzinae,Liriomyza,,Agromyzidae | Phytomyzinae | Liriomyza,3VCVB,1553316,3VCVB,1553316
B249:1:231,Liriomyza equiseti,,Liriomyza,,equiseti,,species,de Meijere,B249:1,accepted,,,B249:1:183,"Liriomyza Mik, 1894",,,,,Agromyzidae,Phytomyzinae,Liriomyza,,Agromyzidae | Phytomyzinae | Liriomyza,3VCM9,1553334,3VCM9,1553334
B249:1:232,Liriomyza pisivora Hering,Hering,Liriomyza,,pisivora,,species,,B249:1,accepted,,,B249:1:183,"Liriomyza Mik, 1894",,,,,Agromyzidae,Phytomyzinae,Liriomyza,,Agromyzidae | Phytomyzinae | Liriomyza,3VCSZ,1553296,3VCSZ,1553296
B249:1:233,"Calycomyza Hendel, 1931","Hendel, 1931",,,,,genus,,B249:1,accepted,,,B249:1:108,Phytomyzinae,,,,,Agromyzidae,Phytomyzinae,Calycomyza,,Agromyzidae | Phytomyzinae,8VT2G,1552854,8VT2G,1552854
B249:1:234,Calycomyza humeralis (Roser),(Roser),Calycomyza,,humeralis,,species,,B249:1,accepted,,,B249:1:233,"Calycomyza Hendel, 1931",,,,,Agromyzidae,Phytomyzinae,Calycomyza,,Agromyzidae | Phytomyzinae | Calycomyza,68X7J,1552858,68X7J,1552858
B249:1:235,Calycomyza artemisiae (Kaltenbach),(Kaltenbach),Calycomyza,,artemisiae,,species,,B249:1,accepted,,,B249:1:233,"Calycomyza Hendel, 1931",,,,,Agromyzidae,Phytomyzinae,Calycomyza,,Agromyzidae | Phytomyzinae | Calycomyza,Q5TV,1552862,Q5TV,1552862
B249:1:236,"Pteridomyza Nowakowski, 1962","Nowakowski, 1962",,,,,genus,,B249:1,accepted,,,B249:1:108,Phytomyzinae,,,,,Agromyzidae,Phytomyzinae,Pteridomyza,,Agromyzidae | Phytomyzinae,,4517424,,1553975
B249:1:237,Pteridomyza hilarella (Zetterstedt),(Zetterstedt),Pteridomyza,,hilarella,,species,,B249:1,accepted,,,B249:1:236,"Pteridomyza Nowakowski, 1962",,,,,Agromyzidae,Phytomyzinae,Pteridomyza,,Agromyzidae | Phytomyzinae | Pteridomyza,,,,
B249:1:238,"Metopomyza Enderlein, 1936","Enderlein, 1936",,,,,genus,,B249:1,accepted,,,B249:1:108,Phytomyzinae,,,,,Agromyzidae,Phytomyzinae,Metopomyza,,Agromyzidae | Phytomyzinae,5QY8,1553806,5QY8,1553806
B249:1:239,Metopomyza violiphaga (Hendel),(Hendel),Metopomyza,,violiphaga,,species,,B249:1,accepted,,,B249:1:238,"Metopomyza Enderlein, 1936",,,,,Agromyzidae,Phytomyzinae,Metopomyza,,Agromyzidae | Phytomyzinae | Metopomyza,,11312452,,1553743
B249:1:240,Metopomyza flavoscutellaris (Zetterstedt),(Zetterstedt),Metopomyza,,flavoscutellaris,,species,,B249:1,accepted,,,B249:1:238,"Metopomyza Enderlein, 1936",,,,,Agromyzidae,Phytomyzinae,Metopomyza,,Agromyzidae | Phytomyzinae | Metopomyza,6RF5F,1553823,6RF5F,1553823
B249:1:241,Metopomyza flavonotata (Haliday),(Haliday),Metopomyza,,flavonotata,,species,,B249:1,accepted,,,B249:1:238,"Metopomyza Enderlein, 1936",,,,,Agromyzidae,Phytomyzinae,Metopomyza,,Agromyzidae | Phytomyzinae | Metopomyza,73F5G,1553830,73F5G,1553830
B249:1:242,Metopomyza xanthaspis (Loew),(Loew),Metopomyza,,xanthaspis,,species,,B249:1,accepted,,,B249:1:238,"Metopomyza Enderlein, 1936",,,,,Agromyzidae,Phytomyzinae,Metopomyza,,Agromyzidae | Phytomyzinae | Metopomyza,42HF6,1553828,42HF6,1553828
B249:1:243,"Lemurimyza Spencer, 1965","Spencer, 1965",,,,,genus,,B249:1,accepted,,,B249:1:108,Phytomyzinae,,,,,Agromyzidae,Phytomyzinae,Lemurimyza,,Agromyzidae | Phytomyzinae,,1552834,,1553975
B249:1:244,Lemurimyza pectoralis (Becker),(Becker),Lemurimyza,,pectoralis,,species,,B249:1,accepted,,,B249:1:243,"Lemurimyza Spencer, 1965",,,,,Agromyzidae,Phytomyzinae,Lemurimyza,,Agromyzidae | Phytomyzinae | Lemurimyza,,,,
B249:1:245,Lemurimyza dorsata (Siebke),(Siebke),Lemurimyza,,dorsata,,species,,B249:1,accepted,,,B249:1:243,"Lemurimyza Spencer, 1965",,,,,Agromyzidae,Phytomyzinae,Lemurimyza,,Agromyzidae | Phytomyzinae | Lemurimyza,,,,
B249:1:246,Lemurimyza striata Hendel,Hendel,Lemurimyza,,striata,,species,,B249:1,synonym,B249:1:245,Lemurimyza dorsata (Siebke),,,,,,,Agromyzidae,Phytomyzinae,Lemurimyza,,Agromyzidae | Phytomyzinae | Lemurimyza,,,,
B249:1:247,Lemurimyza alpicola (Strobl),(Strobl),Lemurimyza,,alpicola,,species,,B249:1,accepted,,,B249:1:243,"Lemurimyza Spencer, 1965",,,,,Agromyzidae,Phytomyzinae,Lemurimyza,,Agromyzidae | Phytomyzinae | Lemurimyza,,,,
B249:1:248,"Paraphytomyza Enderlein, 1936","Enderlein, 1936",,,,,genus,,B249:1,accepted,,,B249:1:108,Phytomyzinae,,,,,Agromyzidae,Phytomyzinae,Paraphytomyza,,Agromyzidae | Phytomyzinae,9HLMK,7763181,9HLMK,1555068
B249:1:249,Paraphytomyza anteposita (Strobl),(Strobl),Paraphytomyza,,anteposita,,species,,B249:1,accepted,,,B249:1:248,"Paraphytomyza Enderlein, 1936",,,,,Agromyzidae,Phytomyzinae,Paraphytomyza,,Agromyzidae | Phytomyzinae | Paraphytomyza,,11342818,,1555097
B249:1:250,Paraphytomyza trivittata (Loew),(Loew),Paraphytomyza,,trivittata,,species,,B249:1,accepted,,,B249:1:248,"Paraphytomyza Enderlein, 1936",,,,,Agromyzidae,Phytomyzinae,Paraphytomyza,,Agromyzidae | Phytomyzinae | Paraphytomyza,,11279742,,1555150
B249:1:251,Paraphytomyza tristriata Hendel,Hendel,Paraphytomyza,,tristriata,,species,,B249:1,synonym,B249:1:250,Paraphytomyza trivittata (Loew),,,,,,,Agromyzidae,Phytomyzinae,Paraphytomyza,,Agromyzidae | Phytomyzinae | Paraphytomyza,,,,
B249:1:252,Paraphytomyza orphana (Hendel),(Hendel),Paraphytomyza,,orphana,,species,,B249:1,accepted,,,B249:1:248,"Paraphytomyza Enderlein, 1936",,,,,Agromyzidae,Phytomyzinae,Paraphytomyza,,Agromyzidae | Phytomyzinae | Paraphytomyza,,11253830,,1555111
B249:1:253,Paraphytomyza discrepans (Wulp),(Wulp),Paraphytomyza,,discrepans,,species,,B249:1,accepted,,,B249:1:248,"Paraphytomyza Enderlein, 1936",,,,,Agromyzidae,Phytomyzinae,Paraphytomyza,,Agromyzidae | Phytomyzinae | Paraphytomyza,,11230846,,1555082
B249:1:254,Paraphytomyza buhri (de Meijere),(de Meijere),Paraphytomyza,,buhri,,species,,B249:1,accepted,,,B249:1:248,"Paraphytomyza Enderlein, 1936",,,,,Agromyzidae,Phytomyzinae,Paraphytomyza,,Agromyzidae | Phytomyzinae | Paraphytomyza,8D72J,4796685,JRKW,1555074
B249:1:255,Paraphytomyza simplonensis Spencer,Spencer,Paraphytomyza,,simplonensis,,species,,B249:1,synonym,B249:1:254,Paraphytomyza buhri (de Meijere),,,,,,,Agromyzidae,Phytomyzinae,Paraphytomyza,,Agromyzidae | Phytomyzinae | Paraphytomyza,,,,
B249:1:256,Paraphytomyza lonicerae (Robineau-Desvoidy),(Robineau-Desvoidy),Paraphytomyza,,lonicerae,,species,,B249:1,accepted,,,B249:1:248,"Paraphytomyza Enderlein, 1936",,,,,Agromyzidae,Phytomyzinae,Paraphytomyza,,Agromyzidae | Phytomyzinae | Paraphytomyza,,,,
B249:1:257,Paraphytomyza similis (Brischke),(Brischke),Paraphytomyza,,similis,,species,,B249:1,accepted,,,B249:1:248,"Paraphytomyza Enderlein, 1936",,,,,Agromyzidae,Phytomyzinae,Paraphytomyza,,Agromyzidae | Phytomyzinae | Paraphytomyza,,11350556,,1555070
B249:1:258,Paraphytomyza hendeliana (Hering),(Hering),Paraphytomyza,,hendeliana,,species,,B249:1,accepted,,,B249:1:248,"Paraphytomyza Enderlein, 1936",,,,,Agromyzidae,Phytomyzinae,Paraphytomyza,,Agromyzidae | Phytomyzinae | Paraphytomyza,,11366080,,1555144
B249:1:259,Paraphytomyza nigrivenis (Spencer),(Spencer),Paraphytomyza,,nigrivenis,,species,,B249:1,accepted,,,B249:1:248,"Paraphytomyza Enderlein, 1936",,,,,Agromyzidae,Phytomyzinae,Paraphytomyza,,Agromyzidae | Phytomyzinae | Paraphytomyza,,,,
B249:1:260,Paraphytomyza langei (Hering),(Hering),Paraphytomyza,,langei,,species,,B249:1,accepted,,,B249:1:248,"Paraphytomyza Enderlein, 1936",,,,,Agromyzidae,Phytomyzinae,Paraphytomyza,,Agromyzidae | Phytomyzinae | Paraphytomyza,,,,
B249:1:261,Paraphytomyza heringi (Hendel),(Hendel),Paraphytomyza,,heringi,,species,,B249:1,accepted,,,B249:1:248,"Paraphytomyza Enderlein, 1936",,,,,Agromyzidae,Phytomyzinae,Paraphytomyza,,Agromyzidae | Phytomyzinae | Paraphytomyza,,11322956,,1555114
B249:1:262,Paraphytomyza populicola (Haliday),(Haliday),Paraphytomyza,,populicola,,species,,B249:1,accepted,,,B249:1:248,"Paraphytomyza Enderlein, 1936",,,,,Agromyzidae,Phytomyzinae,Paraphytomyza,,Agromyzidae | Phytomyzinae | Paraphytomyza,,4295346,,11035611
B249:1:263,Paraphytomyza tremulae (Hering),(Hering),Paraphytomyza,,tremulae,,species,,B249:1,accepted,,,B249:1:248,"Paraphytomyza Enderlein, 1936",,,,,Agromyzidae,Phytomyzinae,Paraphytomyza,,Agromyzidae | Phytomyzinae | Paraphytomyza,,11238044,,1555121
B249:1:264,Paraphytomyza tridentata (Loew),(Loew),Paraphytomyza,,tridentata,,species,,B249:1,accepted,,,B249:1:248,"Paraphytomyza Enderlein, 1936",,,,,Agromyzidae,Phytomyzinae,Paraphytomyza,,Agromyzidae | Phytomyzinae | Paraphytomyza,,8319141,,1555100
B249:1:265,Paraphytomyza populi (Kaltenbach),(Kaltenbach),Paraphytomyza,,populi,,species,,B249:1,accepted,,,B249:1:248,"Paraphytomyza Enderlein, 1936",,,,,Agromyzidae,Phytomyzinae,Paraphytomyza,,Agromyzidae | Phytomyzinae | Paraphytomyza,,11367688,,11083976
B249:1:266,Paraphytomyza populivora Hendel,Hendel,Paraphytomyza,,populivora,,species,,B249:1,synonym,B249:1:265,Paraphytomyza populi (Kaltenbach),,,,,,,Agromyzidae,Phytomyzinae,Paraphytomyza,,Agromyzidae | Phytomyzinae | Paraphytomyza,,,,
B249:1:267,"Pseudonapomyza Hendel, 1920","Hendel, 1920",,,,,genus,,B249:1,accepted,,,B249:1:108,Phytomyzinae,,,,,Agromyzidae,Phytomyzinae,Pseudonapomyza,,Agromyzidae | Phytomyzinae,72S2,1553858,72S2,1553858
B249:1:268,Pseudonapomyza atra (Meigen),(Meigen),Pseudonapomyza,,atra,,species,,B249:1,accepted,,,B249:1:267,"Pseudonapomyza Hendel, 1920",,,,,Agromyzidae,Phytomyzinae,Pseudonapomyza,,Agromyzidae | Phytomyzinae | Pseudonapomyza,6WFKV,1553965,6WFKV,1553965
B249:1:269,Pseudonapomyza lacteipennis (Malloch),(Malloch),Pseudonapomyza,,lacteipennis,,species,,B249:1,accepted,,,B249:1:267,"Pseudonapomyza Hendel, 1920",,,,,Agromyzidae,Phytomyzinae,Pseudonapomyza,,Agromyzidae | Phytomyzinae | Pseudonapomyza,4P4QR,1553959,4P4QR,1553959
B249:1:270,"Phytoliriomyza Hendel, 1931","Hendel, 1931",,,,,genus,,B249:1,accepted,,,B249:1:108,Phytomyzinae,,,,,Agromyzidae,Phytomyzinae,Phytoliriomyza,,Agromyzidae | Phytomyzinae,6Q4C,1553975,6Q4C,1553975
B249:1:271,Phytoliriomyza scotica Spencer,Spencer,Phytoliriomyza,,scotica,,species,,B249:1,accepted,,,B249:1:270,"Phytoliriomyza Hendel, 1931",,,,,Agromyzidae,Phytomyzinae,Phytoliriomyza,,Agromyzidae | Phytomyzinae | Phytoliriomyza,77HKV,1554103,77HKV,1554103
B249:1:272,Phytoliriomyza arctica (Lundbeck),(Lundbeck),Phytoliriomyza,,arctica,,species,,B249:1,accepted,,,B249:1:270,"Phytoliriomyza Hendel, 1931",,,,,Agromyzidae,Phytomyzinae,Phytoliriomyza,,Agromyzidae | Phytomyzinae | Phytoliriomyza,77HKF,1554070,77HKF,1554070
B249:1:273,Phytoliriomyza perpusilla (Meigen),(Meigen),Phytoliriomyza,,perpusilla,,species,,B249:1,accepted,,,B249:1:270,"Phytoliriomyza Hendel, 1931",,,,,Agromyzidae,Phytomyzinae,Phytoliriomyza,,Agromyzidae | Phytomyzinae | Phytoliriomyza,77HKR,1554057,77HKR,1554057
B249:1:274,"Napomyza Westwood, 1840","Westwood, 1840",,,,,genus,,B249:1,accepted,,,B249:1:108,Phytomyzinae,,,,,Agromyzidae,Phytomyzinae,Napomyza,,Agromyzidae | Phytomyzinae,5XL8,1554660,5XL8,1554660
B249:1:275,Napomyza elegans (Meigen),(Meigen),Napomyza,,elegans,,species,,B249:1,accepted,,,B249:1:274,"Napomyza Westwood, 1840",,,,,Agromyzidae,Phytomyzinae,Napomyza,,Agromyzidae | Phytomyzinae | Napomyza,45NZF,1554674,45NZF,1554674
B249:1:276,Napomyza nigriceps Wulp,Wulp,Napomyza,,nigriceps,,species,,B249:1,accepted,,,B249:1:274,"Napomyza Westwood, 1840",,,,,Agromyzidae,Phytomyzinae,Napomyza,,Agromyzidae | Phytomyzinae | Napomyza,45P2M,1554732,8DCMQ,9458773
B249:1:277,Napomyza hirticornis Hendel,Hendel,Napomyza,,hirticornis,,species,,B249:1,accepted,,,B249:1:274,"Napomyza Westwood, 1840",,,,,Agromyzidae,Phytomyzinae,Napomyza,,Agromyzidae | Phytomyzinae | Napomyza,45NZW,1554748,45NZW,1554748
B249:1:278,Napomyza tripolii Spencer,Spencer,Napomyza,,tripolii,,species,,B249:1,accepted,,,B249:1:274,"Napomyza Westwood, 1840",,,,,Agromyzidae,Phytomyzinae,Napomyza,,Agromyzidae | Phytomyzinae | Napomyza,,1554687,,1555081
B249:1:279,Napomyza bellidis Griffiths,Griffiths,Napomyza,,bellidis,,species,,B249:1,accepted,,,B249:1:274,"Napomyza Westwood, 1840",,,,,Agromyzidae,Phytomyzinae,Napomyza,,Agromyzidae | Phytomyzinae | Napomyza,89JCJ,1554753,8DCJ4,9626094
B249:1:280,Napomyza scrophulariae Spencer,Spencer,Napomyza,,scrophulariae,,species,,B249:1,accepted,,,B249:1:274,"Napomyza Westwood, 1840",,,,,Agromyzidae,Phytomyzinae,Napomyza,,Agromyzidae | Phytomyzinae | Napomyza,89JDF,1554722,8DCPB,9621490
B249:1:281,Napomyza lateralis (Fallén),(Fallén),Napomyza,,lateralis,,species,,B249:1,accepted,,,B249:1:274,"Napomyza Westwood, 1840",,,,,Agromyzidae,Phytomyzinae,Napomyza,,Agromyzidae | Phytomyzinae | Napomyza,45P25,1554702,45P25,1554702
B249:1:282,"Phytomyza Fallén, 1810","Fallén, 1810",,,,,genus,,B249:1,accepted,,,B249:1:108,Phytomyzinae,,,,,Agromyzidae,Phytomyzinae,Phytomyza,,Agromyzidae | Phytomyzinae,6Q4Q,1551312,6Q4Q,1551312
B249:1:283,Phytomyza analis Zetterstedt,Zetterstedt,Phytomyza,,analis,,species,,B249:1,accepted,,,B249:1:282,"Phytomyza Fallén, 1810",,,,,Agromyzidae,Phytomyzinae,Phytomyza,,Agromyzidae | Phytomyzinae | Phytomyza,8YVL9,11941448,4HN6R,1551645
B249:1:284,Phytomyza hieracii Hendel,Hendel,Phytomyza,,hieracii,,species,,B249:1,synonym,B249:1:283,Phytomyza analis Zetterstedt,,,,,,,Agromyzidae,Phytomyzinae,Phytomyza,,Agromyzidae | Phytomyzinae | Phytomyza,8DCL4,4517473,4HN6R,1551645
B249:1:285,Phytomyza scolopendri Robineau-Desvoidy,Robineau-Desvoidy,Phytomyza,,scolopendri,,species,,B249:1,accepted,,,B249:1:282,"Phytomyza Fallén, 1810",,,,,Agromyzidae,Phytomyzinae,Phytomyza,,Agromyzidae | Phytomyzinae | Phytomyza,4HN7G,10935429,4HN7G,7953115
B249:1:286,Phytomyza anemones Hering,Hering,Phytomyza,,anemones,,species,,B249:1,accepted,,,B249:1:282,"Phytomyza Fallén, 1810",,,,,Agromyzidae,Phytomyzinae,Phytomyza,,Agromyzidae | Phytomyzinae | Phytomyza,4HMLL,1551533,4HMLL,1551533
B249:1:287,Phytomyza corvimontana Hering,Hering,Phytomyza,,corvimontana,,species,,B249:1,accepted,,,B249:1:282,"Phytomyza Fallén, 1810",,,,,Agromyzidae,Phytomyzinae,Phytomyza,,Agromyzidae | Phytomyzinae | Phytomyza,4HMRP,1551897,4HMRP,1551897
B249:1:288,Phytomyza fallaciosa Brischke,Brischke,Phytomyza,,fallaciosa,,species,,B249:1,accepted,,,B249:1:282,"Phytomyza Fallén, 1810",,,,,Agromyzidae,Phytomyzinae,Phytomyza,,Agromyzidae | Phytomyzinae | Phytomyza,4HMTB,1551483,4HMTB,1551483
B249:1:289,Phytomyza pseudohellebori Hendel,Hendel,Phytomyza,,pseudohellebori,,species,,B249:1,synonym,B249:1:288,Phytomyza fallaciosa Brischke,,,,,,,Agromyzidae,Phytomyzinae,Phytomyza,,Agromyzidae | Phytomyzinae | Phytomyza,4HN5F,1551487,4HMTB,1551483
B249:1:290,Phytomyza conyzae Handel,Handel,Phytomyza,,conyzae,,species,,B249:1,accepted,,,B249:1:282,"Phytomyza Fallén, 1810",,,,,Agromyzidae,Phytomyzinae,Phytomyza,,Agromyzidae | Phytomyzinae | Phytomyza,4HMRJ,1551901,4HMRJ,1551901
B249:1:291,Phytomyza vitalbae Kaltenbach,Kaltenbach,Phytomyza,,vitalbae,,species,,B249:1,accepted,,,B249:1:282,"Phytomyza Fallén, 1810",,,,,Agromyzidae,Phytomyzinae,Phytomyza,,Agromyzidae | Phytomyzinae | Phytomyza,4HNB8,1551928,4HNB8,1551928
B249:1:292,Phytomyza notata Meigen,Meigen,Phytomyza,,notata,,species,,B249:1,accepted,,,B249:1:282,"Phytomyza Fallén, 1810",,,,,Agromyzidae,Phytomyzinae,Phytomyza,,Agromyzidae | Phytomyzinae | Phytomyza,4HN2J,1551841,4HN2J,1551841
B249:1:293,Phytomyza ranunculi (Schrank),(Schrank),Phytomyza,,ranunculi,,species,,B249:1,accepted,,,B249:1:282,"Phytomyza Fallén, 1810",,,,,Agromyzidae,Phytomyzinae,Phytomyza,,Agromyzidae | Phytomyzinae | Phytomyza,4HN5X,1551326,4HN5X,1551326
B249:1:294,Phytomyza ranunculi subsp. stolonigena Hering,Hering,Phytomyza,,ranunculi,stolonigena,subspecies,,B249:1,accepted,,,B249:1:293,Phytomyza ranunculi (Schrank),,,,,Agromyzidae,Phytomyzinae,Phytomyza,,Agromyzidae | Phytomyzinae | Phytomyza | Phytomyza ranunculi,,,,
B249:1:295,Phytomyza isais Hering,Hering,Phytomyza,,isais,,species,,B249:1,accepted,,,B249:1:282,"Phytomyza Fallén, 1810",,,,,Agromyzidae,Phytomyzinae,Phytomyza,,Agromyzidae | Phytomyzinae | Phytomyza,4HMWG,1551315,4HMWG,1551315
B249:1:296,Phytomyza flavicornis Fallén,Fallén,Phytomyza,,flavicornis,,species,,B249:1,accepted,,,B249:1:282,"Phytomyza Fallén, 1810",,,,,Agromyzidae,Phytomyzinae,Phytomyza,,Agromyzidae | Phytomyzinae | Phytomyza,4HMTV,1551402,4HMTV,1551402
B249:1:297,Phytomyza rufipes Meigen,Meigen,Phytomyza,,rufipes,,species,,B249:1,accepted,,,B249:1:282,"Phytomyza Fallén, 1810",,,,,Agromyzidae,Phytomyzinae,Phytomyza,,Agromyzidae | Phytomyzinae | Phytomyza,4HN6Z,1551679,4HN6Z,1551679
B249:1:298,Phytomyza varipes Macquart,Macquart,Phytomyza,,varipes,,species,,B249:1,accepted,,,B249:1:282,"Phytomyza Fallén, 1810",,,,,Agromyzidae,Phytomyzinae,Phytomyza,,Agromyzidae | Phytomyzinae | Phytomyza,9HCH6,1551351,9HCH6,1551351
B249:1:299,Phytomyza dasyops Hendel,Hendel,Phytomyza,,dasyops,,species,,B249:1,accepted,,,B249:1:282,"Phytomyza Fallén, 1810",,,,,Agromyzidae,Phytomyzinae,Phytomyza,,Agromyzidae | Phytomyzinae | Phytomyza,4HMRY,1551832,4HMRY,1551832
B249:1:300,Phytomyza cirsii Hendel,Hendel,Phytomyza,,cirsii,,species,,B249:1,accepted,,,B249:1:282,"Phytomyza Fallén, 1810",,,,,Agromyzidae,Phytomyzinae,Phytomyza,,Agromyzidae | Phytomyzinae | Phytomyza,4HMQP,1551313,4HMQP,1551313
B249:1:301,Phytomyza cirsicola Hendel,Hendel,Phytomyza,,cirsicola,,species,,B249:1,synonym,B249:1:300,Phytomyza cirsii Hendel,,,,,,,Agromyzidae,Phytomyzinae,Phytomyza,,Agromyzidae | Phytomyzinae | Phytomyza,4HMQN,1551314,4HMQP,1551313
B249:1:302,Phytomyza orobanchia Kaltenbach,Kaltenbach,Phytomyza,,orobanchia,,species,,B249:1,accepted,,,B249:1:282,"Phytomyza Fallén, 1810",,,,,Agromyzidae,Phytomyzinae,Phytomyza,,Agromyzidae | Phytomyzinae | Phytomyza,4HN3B,1551815,4HN3B,1551815
B249:1:303,Phytomyza cytisi Brischke,Brischke,Phytomyza,,cytisi,,species,,B249:1,accepted,,,B249:1:282,"Phytomyza Fallén, 1810",,,,,Agromyzidae,Phytomyzinae,Phytomyza,,Agromyzidae | Phytomyzinae | Phytomyza,4HMRW,1551850,4HMRW,1551850
B249:1:304,Phytomyza aconiti Hendel,Hendel,Phytomyza,,aconiti,,species,,B249:1,accepted,,,B249:1:282,"Phytomyza Fallén, 1810",,,,,Agromyzidae,Phytomyzinae,Phytomyza,,Agromyzidae | Phytomyzinae | Phytomyza,4HMKN,1551568,4HMKN,1551568
B249:1:305,Phytomyza matricariae Hendel,Hendel,Phytomyza,,matricariae,,species,,B249:1,accepted,,,B249:1:282,"Phytomyza Fallén, 1810",,,,,Agromyzidae,Phytomyzinae,Phytomyza,,Agromyzidae | Phytomyzinae | Phytomyza,4HMYD,1551617,4HMYD,1551617
B249:1:306,Phytomyza silai Hering,Hering,Phytomyza,,silai,,species,,B249:1,accepted,,,B249:1:282,"Phytomyza Fallén, 1810",,,,,Agromyzidae,Phytomyzinae,Phytomyza,,Agromyzidae | Phytomyzinae | Phytomyza,4HN7X,1551448,4HN7X,1551448
B249:1:307,Phytomyza tanaceti Hendel,Hendel,Phytomyza,,tanaceti,,species,,B249:1,accepted,,,B249:1:282,"Phytomyza Fallén, 1810",,,,,Agromyzidae,Phytomyzinae,Phytomyza,,Agromyzidae | Phytomyzinae | Phytomyza,8DCPX,4517463,4HMYD,1551617
B249:1:308,Phytomyza bipunctata Loew,Loew,Phytomyza,,bipunctata,,species,,B249:1,accepted,,,B249:1:282,"Phytomyza Fallén, 1810",,,,,Agromyzidae,Phytomyzinae,Phytomyza,,Agromyzidae | Phytomyzinae | Phytomyza,4HMNL,1551868,4HMNL,1551868
B249:1:309,Phytomyza rydeniana Hering,Hering,Phytomyza,,rydeniana,,species,,B249:1,accepted,,,B249:1:282,"Phytomyza Fallén, 1810",,,,,Agromyzidae,Phytomyzinae,Phytomyza,,Agromyzidae | Phytomyzinae | Phytomyza,4HN73,1551540,4HML5,1551539
B249:1:310,Phytomyza artemisivora Spencer,Spencer,Phytomyza,,artemisivora,,species,,B249:1,accepted,,,B249:1:282,"Phytomyza Fallén, 1810",,,,,Agromyzidae,Phytomyzinae,Phytomyza,,Agromyzidae | Phytomyzinae | Phytomyza,4HMMR,1552017,4HMMR,1552017
B249:1:311,Phytomyza eupatorii Hendel,Hendel,Phytomyza,,eupatorii,,species,,B249:1,accepted,,,B249:1:282,"Phytomyza Fallén, 1810",,,,,Agromyzidae,Phytomyzinae,Phytomyza,,Agromyzidae | Phytomyzinae | Phytomyza,4HMT5,1551942,4HMT5,1551942
B249:1:312,Phytomyza leucanthemi Hering,Hering,Phytomyza,,leucanthemi,,species,,B249:1,accepted,,,B249:1:282,"Phytomyza Fallén, 1810",,,,,Agromyzidae,Phytomyzinae,Phytomyza,,Agromyzidae | Phytomyzinae | Phytomyza,4HMXK,1551805,4HMXK,1551805
B249:1:313,Phytomyza lappae Goureau,Goureau,Phytomyza,,lappae,,species,,B249:1,accepted,,,B249:1:282,"Phytomyza Fallén, 1810",,,,,Agromyzidae,Phytomyzinae,Phytomyza,,Agromyzidae | Phytomyzinae | Phytomyza,4HMX9,1551886,4HMX9,1551886
B249:1:314,Phytomyza lappina Robineau-Desvoidy,Robineau-Desvoidy,Phytomyza,,lappina,,species,,B249:1,synonym,B249:1:313,Phytomyza lappae Goureau,,,,,,,Agromyzidae,Phytomyzinae,Phytomyza,,Agromyzidae | Phytomyzinae | Phytomyza,77JB4,10930866,4HMX9,1551886
B249:1:315,Phytomyza spondylii Robineau-Desvoidy,Robineau-Desvoidy,Phytomyza,,spondylii,,species,,B249:1,accepted,,,B249:1:282,"Phytomyza Fallén, 1810",,,,,Agromyzidae,Phytomyzinae,Phytomyza,,Agromyzidae | Phytomyzinae | Phytomyza,4HN8R,10821620,4HN8R,10821620
B249:1:316,Phytomyza pastinacae Hendel,Hendel,Phytomyza,,pastinacae,,species,,B249:1,synonym,B249:1:315,Phytomyza spondylii Robineau-Desvoidy,,,,,,,Agromyzidae,Phytomyzinae,Phytomyza,,Agromyzidae | Phytomyzinae | Phytomyza,4HN3Z,1551365,4HN3Z,1551365
B249:1:317,Phytomyza conii Hering,Hering,Phytomyza,,conii,,species,,B249:1,accepted,,,B249:1:282,"Phytomyza Fallén, 1810",,,,,Agromyzidae,Phytomyzinae,Phytomyza,,Agromyzidae | Phytomyzinae | Phytomyza,4HMRB,1552008,4HMRB,1552008
B249:1:318,Phytomyza marginella Fallén,Fallén,Phytomyza,,marginella,,species,,B249:1,accepted,,,B249:1:282,"Phytomyza Fallén, 1810",,,,,Agromyzidae,Phytomyzinae,Phytomyza,,Agromyzidae | Phytomyzinae | Phytomyza,4HMYB,1551634,4HMYB,1551634
B249:1:319,Phytomyza sonchi Robineau-Desvoidy,Robineau-Desvoidy,Phytomyza,,sonchi,,species,,B249:1,synonym,B249:1:318,Phytomyza marginella Fallén,,,,,,,Agromyzidae,Phytomyzinae,Phytomyza,,Agromyzidae | Phytomyzinae | Phytomyza,77JDL,1551636,4HMYB,1551634
B249:1:320,Phytomyza alpina Groschke,Groschke,Phytomyza,,alpina,,species,,B249:1,accepted,,,B249:1:282,"Phytomyza Fallén, 1810",,,,,Agromyzidae,Phytomyzinae,Phytomyza,,Agromyzidae | Phytomyzinae | Phytomyza,4HMLB,1551348,4HMLB,1551348
B249:1:321,Phytomyza fulgens Hendel,Hendel,Phytomyza,,fulgens,,species,,B249:1,accepted,,,B249:1:282,"Phytomyza Fallén, 1810",,,,,Agromyzidae,Phytomyzinae,Phytomyza,,Agromyzidae | Phytomyzinae | Phytomyza,6VJBR,1552001,6VJBR,1552001
B249:1:322,Phytomyza solidaginis Hendel,Hendel,Phytomyza,,solidaginis,,species,,B249:1,accepted,,,B249:1:282,"Phytomyza Fallén, 1810",,,,,Agromyzidae,Phytomyzinae,Phytomyza,,Agromyzidae | Phytomyzinae | Phytomyza,6VJDL,1551860,6VJDL,1551860
B249:1:323,Phytomyza virgaurae Hendel,Hendel,Phytomyza,,virgaurae,,species,,B249:1,accepted,,,B249:1:282,"Phytomyza Fallén, 1810",,,,,Agromyzidae,Phytomyzinae,Phytomyza,,Agromyzidae | Phytomyzinae | Phytomyza,4HNB5,1552011,4HNB5,1552011
B249:1:324,Phytomyza pimpinellae Hendel,Hendel,Phytomyza,,pimpinellae,,species,,B249:1,accepted,,,B249:1:282,"Phytomyza Fallén, 1810",,,,,Agromyzidae,Phytomyzinae,Phytomyza,,Agromyzidae | Phytomyzinae | Phytomyza,4HN4T,1551350,4HN4T,1551350
B249:1:325,Phytomyza angelicae Kaltenbach,Kaltenbach,Phytomyza,,angelicae,,species,,B249:1,accepted,,,B249:1:282,"Phytomyza Fallén, 1810",,,,,Agromyzidae,Phytomyzinae,Phytomyza,,Agromyzidae | Phytomyzinae | Phytomyza,4HMLN,1551394,4HMLN,1551394
B249:1:326,Phytomyza heracleana Hering,Hering,Phytomyza,,heracleana,,species,,B249:1,accepted,,,B249:1:282,"Phytomyza Fallén, 1810",,,,,Agromyzidae,Phytomyzinae,Phytomyza,,Agromyzidae | Phytomyzinae | Phytomyza,6VJB2,1551556,6VJB2,1551556
B249:1:327,Phytomyza sphondyliivora Spencer,Spencer,Phytomyza,,sphondyliivora,,species,,B249:1,accepted,,,B249:1:282,"Phytomyza Fallén, 1810",,,,,Agromyzidae,Phytomyzinae,Phytomyza,,Agromyzidae | Phytomyzinae | Phytomyza,4HN8M,1551814,4HN8M,1551814
B249:1:328,Phytomyza angelicastri Hering,Hering,Phytomyza,,angelicastri,,species,,B249:1,accepted,,,B249:1:282,"Phytomyza Fallén, 1810",,,,,Agromyzidae,Phytomyzinae,Phytomyza,,Agromyzidae | Phytomyzinae | Phytomyza,4HMLP,1551482,4HMLP,1551482
B249:1:329,Phytomyza campanulae Hendel,Hendel,Phytomyza,,campanulae,,species,,B249:1,accepted,,,B249:1:282,"Phytomyza Fallén, 1810",,,,,Agromyzidae,Phytomyzinae,Phytomyza,,Agromyzidae | Phytomyzinae | Phytomyza,4HMPM,1551601,4HMPM,1551601
B249:1:330,Phytomyza tussilaginis Hendel,Hendel,Phytomyza,,tussilaginis,,species,,B249:1,accepted,,,B249:1:282,"Phytomyza Fallén, 1810",,,,,Agromyzidae,Phytomyzinae,Phytomyza,,Agromyzidae | Phytomyzinae | Phytomyza,77JDV,1552029,77JDV,1552029
B249:1:331,Phytomyza cineracea Hendel,Hendel,Phytomyza,,cineracea,,species,,B249:1,accepted,,,B249:1:282,"Phytomyza Fallén, 1810",,,,,Agromyzidae,Phytomyzinae,Phytomyza,,Agromyzidae | Phytomyzinae | Phytomyza,4HMQJ,1554740,45P2P,1554738
B249:1:332,Phytomyza ilicis Curtis,Curtis,Phytomyza,,ilicis,,species,,B249:1,accepted,,,B249:1:282,"Phytomyza Fallén, 1810",,,,,Agromyzidae,Phytomyzinae,Phytomyza,,Agromyzidae | Phytomyzinae | Phytomyza,4HMW5,1551672,4HMW5,1551672
B249:1:333,Phytomyza glacialis Griffiths,Griffiths,Phytomyza,,glacialis,,species,,B249:1,accepted,,,B249:1:282,"Phytomyza Fallén, 1810",,,,,Agromyzidae,Phytomyzinae,Phytomyza,,Agromyzidae | Phytomyzinae | Phytomyza,8DCKS,4517512,8DCKS,5072781
B249:1:334,Phytomyza gilva Spencer,Spencer,Phytomyza,,gilva,,species,,B249:1,accepted,,,B249:1:282,"Phytomyza Fallén, 1810",,,,,Agromyzidae,Phytomyzinae,Phytomyza,,Agromyzidae | Phytomyzinae | Phytomyza,77JBW,1551751,77JBW,1551751
B249:1:335,Phytomyza krygeri Hering,Hering,Phytomyza,,krygeri,,species,,B249:1,accepted,,,B249:1:282,"Phytomyza Fallén, 1810",,,,,Agromyzidae,Phytomyzinae,Phytomyza,,Agromyzidae | Phytomyzinae | Phytomyza,4HMX2,1551898,4HMX2,1551898
B249:1:336,Phytomyza continua Hendel,Hendel,Phytomyza,,continua,,species,,B249:1,accepted,,,B249:1:282,"Phytomyza Fallén, 1810",,,,,Agromyzidae,Phytomyzinae,Phytomyza,,Agromyzidae | Phytomyzinae | Phytomyza,4HMRH,1551982,4HMRH,1551982
B249:1:337,Phytomyza aquilegiae Hardy,Hardy,Phytomyza,,aquilegiae,,species,,B249:1,accepted,,,B249:1:282,"Phytomyza Fallén, 1810",,,,,Agromyzidae,Phytomyzinae,Phytomyza,,Agromyzidae | Phytomyzinae | Phytomyza,4HMM6,1551397,4HMM6,1551397
B249:1:338,Phytomyza crassiseta Zetterstedt,Zetterstedt,Phytomyza,,crassiseta,,species,,B249:1,accepted,,,B249:1:282,"Phytomyza Fallén, 1810",,,,,Agromyzidae,Phytomyzinae,Phytomyza,,Agromyzidae | Phytomyzinae | Phytomyza,4HMRQ,1551553,4HMRQ,1551553
B249:1:339,Phytomyza nigra Meigen,Meigen,Phytomyza,,nigra,,species,,B249:1,accepted,,,B249:1:282,"Phytomyza Fallén, 1810",,,,,Agromyzidae,Phytomyzinae,Phytomyza,,Agromyzidae | Phytomyzinae | Phytomyza,8YVLQ,12059015,8YVLQ,5072712
B249:1:340,Phytomyza griffithsi Spencer,Spencer,Phytomyza,,griffithsi,,species,,B249:1,accepted,,,B249:1:282,"Phytomyza Fallén, 1810",,,,,Agromyzidae,Phytomyzinae,Phytomyza,,Agromyzidae | Phytomyzinae | Phytomyza,6VJB3,1551689,6VJB3,1551689
B249:1:341,Phytomyza plantaginis Robineau-Desvoidy,Robineau-Desvoidy,Phytomyza,,plantaginis,,species,,B249:1,accepted,,,B249:1:282,"Phytomyza Fallén, 1810",,,,,Agromyzidae,Phytomyzinae,Phytomyza,,Agromyzidae | Phytomyzinae | Phytomyza,4HN4W,11063726,4HN4W,11063726
B249:1:342,Phytomyza plantaginicaulis Hering,Hering,Phytomyza,,plantaginicaulis,,species,,B249:1,synonym,B249:1:341,Phytomyza plantaginis Robineau-Desvoidy,,,,,,,Agromyzidae,Phytomyzinae,Phytomyza,,Agromyzidae | Phytomyzinae | Phytomyza,4HN4V,1551320,4HN4W,11063726
B249:1:343,Phytomyza clematidis Kaltenbach,Kaltenbach,Phytomyza,,clematidis,,species,,B249:1,accepted,,,B249:1:282,"Phytomyza Fallén, 1810",,,,,Agromyzidae,Phytomyzinae,Phytomyza,,Agromyzidae | Phytomyzinae | Phytomyza,8YZQW,7877425,45NZ9,1554700
B249:1:344,Phytomyza tenella Meigen,Meigen,Phytomyza,,tenella,,species,,B249:1,accepted,,,B249:1:282,"Phytomyza Fallén, 1810",,,,,Agromyzidae,Phytomyzinae,Phytomyza,,Agromyzidae | Phytomyzinae | Phytomyza,4HN9F,1551659,4HN9F,1551659
B249:1:345,Phytomyza pedicularis Hering,Hering,Phytomyza,,pedicularis,,species,,B249:1,synonym,B249:1:344,Phytomyza tenella Meigen,,,,,,,Agromyzidae,Phytomyzinae,Phytomyza,,Agromyzidae | Phytomyzinae | Phytomyza,4HN46,1551660,4HN9F,1551659
B249:1:346,Phytomyza affinis Fallén,Fallén,Phytomyza,,affinis,,species,,B249:1,accepted,,,B249:1:282,"Phytomyza Fallén, 1810",,,,,Agromyzidae,Phytomyzinae,Phytomyza,,Agromyzidae | Phytomyzinae | Phytomyza,4HMKX,1551715,4HMKX,1551715
B249:1:347,Phytomyza horticola Goureau,Goureau,Phytomyza,,horticola,,species,,B249:1,accepted,,,B249:1:282,"Phytomyza Fallén, 1810",,,,,Agromyzidae,Phytomyzinae,Phytomyza,,Agromyzidae | Phytomyzinae | Phytomyza,8YVLF,4517534,8YVLF,5072733
B249:1:348,Phytomyza atricornis,,Phytomyza,,atricornis,,species,auctt.,B249:1,synonym,B249:1:347,Phytomyza horticola Goureau,,,,,,,Agromyzidae,Phytomyzinae,Phytomyza,,Agromyzidae | Phytomyzinae | Phytomyza,4HMN2,1551935,4HMN2,1551935
B249:1:349,Phytomyza syngenesiae (Hardy),(Hardy),Phytomyza,,syngenesiae,,species,,B249:1,accepted,,,B249:1:282,"Phytomyza Fallén, 1810",,,,,Agromyzidae,Phytomyzinae,Phytomyza,,Agromyzidae | Phytomyzinae | Phytomyza,8DCPW,9341254,8DCPW,9341254
B249:1:350,Phytomyza atricornis,,Phytomyza,,atricornis,,species,auctt.,B249:1,synonym,B249:1:349,Phytomyza syngenesiae (Hardy),,,,,,,Agromyzidae,Phytomyzinae,Phytomyza,,Agromyzidae | Phytomyzinae | Phytomyza,4HMN2,1551935,4HMN2,1551935
B249:1:351,Phytomyza brevicornis Hendel,Hendel,Phytomyza,,brevicornis,,species,,B249:1,accepted,,,B249:1:282,"Phytomyza Fallén, 1810",,,,,Agromyzidae,Phytomyzinae,Phytomyza,,Agromyzidae | Phytomyzinae | Phytomyza,77JBB,1551838,77JBB,1551838
B249:1:352,Phytomyza asteris Hendel,Hendel,Phytomyza,,asteris,,species,,B249:1,accepted,,,B249:1:282,"Phytomyza Fallén, 1810",,,,,Agromyzidae,Phytomyzinae,Phytomyza,,Agromyzidae | Phytomyzinae | Phytomyza,8DCHW,4517505,8DCHW,5072775
B249:1:353,Phytomyza farfarella Hendel,Hendel,Phytomyza,,farfarella,,species,,B249:1,accepted,,,B249:1:282,"Phytomyza Fallén, 1810",,,,,Agromyzidae,Phytomyzinae,Phytomyza,,Agromyzidae | Phytomyzinae | Phytomyza,8DCKD,4517510,8DCKD,5072783
B249:1:354,Phytomyza taraxacocecis Hering,Hering,Phytomyza,,taraxacocecis,,species,,B249:1,accepted,,,B249:1:282,"Phytomyza Fallén, 1810",,,,,Agromyzidae,Phytomyzinae,Phytomyza,,Agromyzidae | Phytomyzinae | Phytomyza,4HN9C,1551960,4HNBF,1551959
B249:1:355,Phytomyza notabilis Spencer,Spencer,Phytomyza,,notabilis,,species,,B249:1,accepted,,,B249:1:282,"Phytomyza Fallén, 1810",,,,,Agromyzidae,Phytomyzinae,Phytomyza,,Agromyzidae | Phytomyzinae | Phytomyza,,4517462,,1551735
B249:1:356,Phytomyza autumnalis Griffiths,Griffiths,Phytomyza,,autumnalis,,species,,B249:1,accepted,,,B249:1:282,"Phytomyza Fallén, 1810",,,,,Agromyzidae,Phytomyzinae,Phytomyza,,Agromyzidae | Phytomyzinae | Phytomyza,4HMN9,7755706,4HN8N,1551797
B249:1:357,Phytomyza affinis,,Phytomyza,,affinis,,species,auctt.,B249:1,synonym,B249:1:356,Phytomyza autumnalis Griffiths,,,,,,,Agromyzidae,Phytomyzinae,Phytomyza,,Agromyzidae | Phytomyzinae | Phytomyza,4HMKX,1551715,4HMKX,1551715
B249:1:358,Phytomyza rhabdophora Griffiths,Griffiths,Phytomyza,,rhabdophora,,species,,B249:1,accepted,,,B249:1:282,"Phytomyza Fallén, 1810",,,,,Agromyzidae,Phytomyzinae,Phytomyza,,Agromyzidae | Phytomyzinae | Phytomyza,4HN6C,1551970,4HN6C,1551970
B249:1:359,Phytomyza cecidonomia Hering,Hering,Phytomyza,,cecidonomia,,species,,B249:1,accepted,,,B249:1:282,"Phytomyza Fallén, 1810",,,,,Agromyzidae,Phytomyzinae,Phytomyza,,Agromyzidae | Phytomyzinae | Phytomyza,4HMQ3,1551542,4HMQ3,1551542
B249:1:360,Phytomyza cecidonomia subsp. britannica Griffiths,Griffiths,Phytomyza,,cecidonomia,britannica,subspecies,,B249:1,accepted,,,B249:1:359,Phytomyza cecidonomia Hering,,,,,Agromyzidae,Phytomyzinae,Phytomyza,,Agromyzidae | Phytomyzinae | Phytomyza | Phytomyza cecidonomia,,11130793,,11130793
B249:1:361,Phytomyza ferina Spencer,Spencer,Phytomyza,,ferina,,species,,B249:1,accepted,,,B249:1:282,"Phytomyza Fallén, 1810",,,,,Agromyzidae,Phytomyzinae,Phytomyza,,Agromyzidae | Phytomyzinae | Phytomyza,4HMTK,1551367,4HMTK,1551367
B249:1:362,Phytomyza nigripennis Fallén,Fallén,Phytomyza,,nigripennis,,species,,B249:1,accepted,,,B249:1:282,"Phytomyza Fallén, 1810",,,,,Agromyzidae,Phytomyzinae,Phytomyza,,Agromyzidae | Phytomyzinae | Phytomyza,4HN25,1551872,4HN25,1551872
B249:1:363,Phytomyza scabiosae Hendel,Hendel,Phytomyza,,scabiosae,,species,,B249:1,accepted,,,B249:1:282,"Phytomyza Fallén, 1810",,,,,Agromyzidae,Phytomyzinae,Phytomyza,,Agromyzidae | Phytomyzinae | Phytomyza,8DCP6,4517523,8DCP6,5072746
B249:1:364,Phytomyza melana Hendel,Hendel,Phytomyza,,melana,,species,,B249:1,accepted,,,B249:1:282,"Phytomyza Fallén, 1810",,,,,Agromyzidae,Phytomyzinae,Phytomyza,,Agromyzidae | Phytomyzinae | Phytomyza,4HMYH,1551562,4HMYH,1551562
B249:1:365,Phytomyza petoei Hering,Hering,Phytomyza,,petoei,,species,,B249:1,accepted,,,B249:1:282,"Phytomyza Fallén, 1810",,,,,Agromyzidae,Phytomyzinae,Phytomyza,,Agromyzidae | Phytomyzinae | Phytomyza,4HN4H,1551424,4HN4H,1551424
B249:1:366,Phytomyza vulnerariae Spencer,Spencer,Phytomyza,,vulnerariae,,species,,B249:1,accepted,,,B249:1:282,"Phytomyza Fallén, 1810",,,,,Agromyzidae,Phytomyzinae,Phytomyza,,Agromyzidae | Phytomyzinae | Phytomyza,4HNBD,1551794,4HMNY,1551793
B249:1:367,Phytomyza ranunculivora Hering,Hering,Phytomyza,,ranunculivora,,species,,B249:1,accepted,,,B249:1:282,"Phytomyza Fallén, 1810",,,,,Agromyzidae,Phytomyzinae,Phytomyza,,Agromyzidae | Phytomyzinae | Phytomyza,4HN66,1551925,4HN66,1551925
B249:1:368,Phytomyza milii Kaltenbach,Kaltenbach,Phytomyza,,milii,,species,,B249:1,accepted,,,B249:1:282,"Phytomyza Fallén, 1810",,,,,Agromyzidae,Phytomyzinae,Phytomyza,,Agromyzidae | Phytomyzinae | Phytomyza,8DCMD,4517544,8DCMD,4517544
B249:1:369,Phytomyza intermedia Spencer,Spencer,Phytomyza,,intermedia,,species,,B249:1,synonym,B249:1:368,Phytomyza milii Kaltenbach,,,,,,,Agromyzidae,Phytomyzinae,Phytomyza,,Agromyzidae | Phytomyzinae | Phytomyza,9HCGF,1552100,8DCMD,4517544
B249:1:370,Phytomyza sedicola Hering,Hering,Phytomyza,,sedicola,,species,,B249:1,accepted,,,B249:1:282,"Phytomyza Fallén, 1810",,,,,Agromyzidae,Phytomyzinae,Phytomyza,,Agromyzidae | Phytomyzinae | Phytomyza,4HN7N,1552009,4HN7N,1552009
B249:1:371,Phytomyza origani Hering,Hering,Phytomyza,,origani,,species,,B249:1,accepted,,,B249:1:282,"Phytomyza Fallén, 1810",,,,,Agromyzidae,Phytomyzinae,Phytomyza,,Agromyzidae | Phytomyzinae | Phytomyza,4HN38,1551628,4HN38,1551628
B249:1:372,Phytomyza myosotica Nowakowski,Nowakowski,Phytomyza,,myosotica,,species,,B249:1,accepted,,,B249:1:282,"Phytomyza Fallén, 1810",,,,,Agromyzidae,Phytomyzinae,Phytomyza,,Agromyzidae | Phytomyzinae | Phytomyza,4HMZG,1551355,4HMZG,1551355
B249:1:373,Phytomyza symphyti Hendel,Hendel,Phytomyza,,symphyti,,species,,B249:1,accepted,,,B249:1:282,"Phytomyza Fallén, 1810",,,,,Agromyzidae,Phytomyzinae,Phytomyza,,Agromyzidae | Phytomyzinae | Phytomyza,4HN96,1551701,4HN96,1551701
B249:1:374,Phytomyza tetrasticha Hendel,Hendel,Phytomyza,,tetrasticha,,species,,B249:1,accepted,,,B249:1:282,"Phytomyza Fallén, 1810",,,,,Agromyzidae,Phytomyzinae,Phytomyza,,Agromyzidae | Phytomyzinae | Phytomyza,8DCQ4,4517457,4HN2Q,1551589
B249:1:375,Phytomyza obscura Hendel,Hendel,Phytomyza,,obscura,,species,,B249:1,accepted,,,B249:1:282,"Phytomyza Fallén, 1810",,,,,Agromyzidae,Phytomyzinae,Phytomyza,,Agromyzidae | Phytomyzinae | Phytomyza,4HN2Q,1551589,4HN2Q,1551589
B249:1:376,Phytomyza minuscula Goureau,Goureau,Phytomyza,,minuscula,,species,,B249:1,accepted,,,B249:1:282,"Phytomyza Fallén, 1810",,,,,Agromyzidae,Phytomyzinae,Phytomyza,,Agromyzidae | Phytomyzinae | Phytomyza,9HCGR,1551490,6VJB9,1551490
B249:1:377,Phytomyza brunnipes Brischke,Brischke,Phytomyza,,brunnipes,,species,,B249:1,accepted,,,B249:1:282,"Phytomyza Fallén, 1810",,,,,Agromyzidae,Phytomyzinae,Phytomyza,,Agromyzidae | Phytomyzinae | Phytomyza,4HMP3,1551750,4HMP3,1551750
B249:1:378,Phytomyza adjuncta Hering,Hering,Phytomyza,,adjuncta,,species,,B249:1,accepted,,,B249:1:282,"Phytomyza Fallén, 1810",,,,,Agromyzidae,Phytomyzinae,Phytomyza,,Agromyzidae | Phytomyzinae | Phytomyza,4HMKT,1551742,4HMKT,1551742
B249:1:379,Phytomyza silaicomes Hering,Hering,Phytomyza,,silaicomes,,species,,B249:1,synonym,B249:1:378,Phytomyza adjuncta Hering,,,,,,,Agromyzidae,Phytomyzinae,Phytomyza,,Agromyzidae | Phytomyzinae | Phytomyza,4HN7Y,1551743,4HMKT,1551742
B249:1:380,Phytomyza chaerophylli Kaltenbach,Kaltenbach,Phytomyza,,chaerophylli,,species,,B249:1,accepted,,,B249:1:282,"Phytomyza Fallén, 1810",,,,,Agromyzidae,Phytomyzinae,Phytomyza,,Agromyzidae | Phytomyzinae | Phytomyza,4HMQ7,1551518,4HMQ7,1551518
B249:1:381,Phytomyza anthrisci Hendel,Hendel,Phytomyza,,anthrisci,,species,,B249:1,synonym,B249:1:380,Phytomyza chaerophylli Kaltenbach,,,,,,,Agromyzidae,Phytomyzinae,Phytomyza,,Agromyzidae | Phytomyzinae | Phytomyza,4HMLX,1551522,4HMQ7,1551518
B249:1:382,Phytomyza conopodii Hering,Hering,Phytomyza,,conopodii,,species,,B249:1,synonym,B249:1:380,Phytomyza chaerophylli Kaltenbach,,,,,,,Agromyzidae,Phytomyzinae,Phytomyza,,Agromyzidae | Phytomyzinae | Phytomyza,4HMRG,1551521,4HMQ7,1551518
B249:1:383,Phytomyza obscurella Fallén,Fallén,Phytomyza,,obscurella,,species,,B249:1,accepted,,,B249:1:282,"Phytomyza Fallén, 1810",,,,,Agromyzidae,Phytomyzinae,Phytomyza,,Agromyzidae | Phytomyzinae | Phytomyza,4HN2S,1551764,4HN2S,1551764
B249:1:384,Phytomyza hendeli Hering,Hering,Phytomyza,,hendeli,,species,,B249:1,accepted,,,B249:1:282,"Phytomyza Fallén, 1810",,,,,Agromyzidae,Phytomyzinae,Phytomyza,,Agromyzidae | Phytomyzinae | Phytomyza,4HMVC,1552036,4HMVC,1552036
B249:1:385,Phytomyza albipennis Fallén,Fallén,Phytomyza,,albipennis,,species,,B249:1,accepted,,,B249:1:282,"Phytomyza Fallén, 1810",,,,,Agromyzidae,Phytomyzinae,Phytomyza,,Agromyzidae | Phytomyzinae | Phytomyza,,4517432,,4517432
B249:1:386,Phytomyza evanescens Hendel,Hendel,Phytomyza,,evanescens,,species,,B249:1,accepted,,,B249:1:282,"Phytomyza Fallén, 1810",,,,,Agromyzidae,Phytomyzinae,Phytomyza,,Agromyzidae | Phytomyzinae | Phytomyza,88Y37,4295338,88Y37,1554676
B249:1:387,Phytomyza enigmoides Hering,Hering,Phytomyza,,enigmoides,,species,,B249:1,accepted,,,B249:1:282,"Phytomyza Fallén, 1810",,,,,Agromyzidae,Phytomyzinae,Phytomyza,,Agromyzidae | Phytomyzinae | Phytomyza,8DCK8,4517433,45NZG,1554662
B249:1:388,Phytomyza calthivora Hering,Hering,Phytomyza,,calthivora,,species,,B249:1,accepted,,,B249:1:282,"Phytomyza Fallén, 1810",,,,,Agromyzidae,Phytomyzinae,Phytomyza,,Agromyzidae | Phytomyzinae | Phytomyza,4HMPH,1551649,4HMPH,1551649
B249:1:389,Phytomyza cinerea Hendel,Hendel,Phytomyza,,cinerea,,species,,B249:1,accepted,,,B249:1:282,"Phytomyza Fallén, 1810",,,,,Agromyzidae,Phytomyzinae,Phytomyza,,Agromyzidae | Phytomyzinae | Phytomyza,4HMQK,1551387,4HMQK,1551387
B249:1:390,Phytomyza primulae Robineau-Desvoidy,Robineau-Desvoidy,Phytomyza,,primulae,,species,,B249:1,accepted,,,B249:1:282,"Phytomyza Fallén, 1810",,,,,Agromyzidae,Phytomyzinae,Phytomyza,,Agromyzidae | Phytomyzinae | Phytomyza,9HKW2,4517518,9HKW2,11173936
B249:1:391,Phytomyza calthophila Hendel,Hendel,Phytomyza,,calthophila,,species,,B249:1,accepted,,,B249:1:282,"Phytomyza Fallén, 1810",,,,,Agromyzidae,Phytomyzinae,Phytomyza,,Agromyzidae | Phytomyzinae | Phytomyza,4HMPJ,1551612,4HMPJ,1551612
B249:1:392,Phytomyza periclymeni,,Phytomyza,,periclymeni,,species,de Meijere,B249:1,accepted,,,B249:1:282,"Phytomyza Fallén, 1810",,,,,Agromyzidae,Phytomyzinae,Phytomyza,,Agromyzidae | Phytomyzinae | Phytomyza,4HN4C,8680616,4HN4C,8680616
B249:1:393,Phytomyza nigritella Zetterstedt,Zetterstedt,Phytomyza,,nigritella,,species,,B249:1,accepted,,,B249:1:282,"Phytomyza Fallén, 1810",,,,,Agromyzidae,Phytomyzinae,Phytomyza,,Agromyzidae | Phytomyzinae | Phytomyza,4HN27,1551947,4HN27,1551947
B249:1:394,Phytomyza ramosa Hendel,Hendel,Phytomyza,,ramosa,,species,,B249:1,synonym,B249:1:393,Phytomyza nigritella Zetterstedt,,,,,,,Agromyzidae,Phytomyzinae,Phytomyza,,Agromyzidae | Phytomyzinae | Phytomyza,9HCGX,4517551,4HN27,5766666
B249:1:395,Phytomyza heringiana Hendel,Hendel,Phytomyza,,heringiana,,species,,B249:1,accepted,,,B249:1:282,"Phytomyza Fallén, 1810",,,,,Agromyzidae,Phytomyzinae,Phytomyza,,Agromyzidae | Phytomyzinae | Phytomyza,4HMVH,1551527,4HMVH,1551527
B249:1:396,Phytomyza succisae Hendel,Hendel,Phytomyza,,succisae,,species,,B249:1,accepted,,,B249:1:282,"Phytomyza Fallén, 1810",,,,,Agromyzidae,Phytomyzinae,Phytomyza,,Agromyzidae | Phytomyzinae | Phytomyza,8DCPR,4517511,8DCPR,5072721
B249:1:397,Phytomyza gentianae Hendel,Hendel,Phytomyza,,gentianae,,species,,B249:1,accepted,,,B249:1:282,"Phytomyza Fallén, 1810",,,,,Agromyzidae,Phytomyzinae,Phytomyza,,Agromyzidae | Phytomyzinae | Phytomyza,8DCKP,4517532,8DCKP,5072687
B249:1:398,Phytomyza luzulae Hering,Hering,Phytomyza,,luzulae,,species,,B249:1,accepted,,,B249:1:282,"Phytomyza Fallén, 1810",,,,,Agromyzidae,Phytomyzinae,Phytomyza,,Agromyzidae | Phytomyzinae | Phytomyza,8DCM2,4517553,8DCM2,5072698
B249:1:399,Phytomyza agromyzina Meigen,Meigen,Phytomyza,,agromyzina,,species,,B249:1,accepted,,,B249:1:282,"Phytomyza Fallén, 1810",,,,,Agromyzidae,Phytomyzinae,Phytomyza,,Agromyzidae | Phytomyzinae | Phytomyza,4HMKZ,1551415,4HMKZ,1551415
B249:1:400,Phytomyza rydeni Hering,Hering,Phytomyza,,rydeni,,species,,B249:1,accepted,,,B249:1:282,"Phytomyza Fallén, 1810",,,,,Agromyzidae,Phytomyzinae,Phytomyza,,Agromyzidae | Phytomyzinae | Phytomyza,4HN72,1551537,4HN72,1551537
B249:1:401,Phytomyza aprilina Goureau,Goureau,Phytomyza,,aprilina,,species,,B249:1,accepted,,,B249:1:282,"Phytomyza Fallén, 1810",,,,,Agromyzidae,Phytomyzinae,Phytomyza,,Agromyzidae | Phytomyzinae | Phytomyza,9HCG3,4517520,9HCG3,5072767
B249:1:402,Phytomyza lonicerella Hendel,Hendel,Phytomyza,,lonicerella,,species,,B249:1,synonym,B249:1:401,Phytomyza aprilina Goureau,,,,,,,Agromyzidae,Phytomyzinae,Phytomyza,,Agromyzidae | Phytomyzinae | Phytomyza,9HCGM,8241811,9HCG3,5072767
B249:1:403,Phytomyza glechomae Kaltenbach,Kaltenbach,Phytomyza,,glechomae,,species,,B249:1,accepted,,,B249:1:282,"Phytomyza Fallén, 1810",,,,,Agromyzidae,Phytomyzinae,Phytomyza,,Agromyzidae | Phytomyzinae | Phytomyza,6VJBV,1551736,6VJBV,1551736
B249:1:404,Phytomyza harlemensis Weyenbergh,Weyenbergh,Phytomyza,,harlemensis,,species,,B249:1,accepted,,,B249:1:282,"Phytomyza Fallén, 1810",,,,,Agromyzidae,Phytomyzinae,Phytomyza,,Agromyzidae | Phytomyzinae | Phytomyza,9HCGC,7680872,9HCGL,1555073
B249:1:405,Phytomyza xylostei Kaltenbach,Kaltenbach,Phytomyza,,xylostei,,species,,B249:1,synonym,B249:1:404,Phytomyza harlemensis Weyenbergh,,,,,,,Agromyzidae,Phytomyzinae,Phytomyza,,Agromyzidae | Phytomyzinae | Phytomyza,9HKW4,11990767,9HCGL,1555073