scientificNameID,scientificName,scientificNameAuthorship,genericName,infragenericEpithet,specificEpithet,infraspecificEpithet,taxonRank,taxonRemarks,collectionCode,taxonomicStatus,acceptedNameUsageID,acceptedNameUsage,parentNameUsageID,parentNameUsage,kingdom,phylum,class,order,family,subfamily,genus,subgenus,higherClassification,verbatimIdentification,colTaxonID,gbifTaxonID,colAcceptedTaxonID,gbifAcceptedTaxonID
B311:1:1,Acer,,,,,,genus,,B311:1,accepted,,,,,,,,,,,Acer,,,Acer,MLD,12089963,MLD,12089963
B311:1:2,Acer campestre,,Acer,,campestre,,species,,B311:1,accepted,,,B311:1:1,Acer,,,,,,,Acer,,Acer,campestre,946Z,3189863,946Z,3189863
B311:1:3,Acer pseudoplatanus,,Acer,,pseudoplatanus,,species,,B311:1,accepted,,,B311:1:1,Acer,,,,,,,Acer,,Acer,pseudoplatanus,94HF,3189870,94HF,3189870
B311:1:4,Acer platanoides,,Acer,,platanoides,,species,,B311:1,accepted,,,B311:1:1,Acer,,,,,,,Acer,,Acer,platanoides,94H3,3189846,94H3,3189846
B311:1:5,Aesculus,,,,,,genus,,B311:1,accepted,,,,,,,,,,,Aesculus,,,Aesculus,PTB,3189801,PTB,3189801
B311:1:6,Alnus,,,,,,genus,,B311:1,accepted,,,,,,,,,,,Alnus,,,Alnus,8VTM3,2876099,8VTM3,2876099
B311:1:7,Alnus coradata,,Alnus,,coradata,,species,,B311:1,accepted,,,B311:1:6,Alnus,,,,,,,Alnus,,Alnus,coradata,C2P7,2876607,C2P7,2876607
B311:1:8,Amelanchier,,,,,,genus,,B311:1,accepted,,,,,,,,,,,Amelanchier,,,Amelanchier,6298M,3023817,6298M,3023817
B311:1:9,Amelanchier lamarckii,,Amelanchier,,lamarckii,,species,,B311:1,accepted,,,B311:1:8,Amelanchier,,,,,,,Amelanchier,,Amelanchier,lamarckii,92SRN,3024109,92SRN,3024109
B311:1:10,Aronia,,,,,,genus,,B311:1,accepted,,,,,,,,,,,Aronia,,,Aronia,335P,2988529,335P,2988529
B311:1:11,Berberis,,,,,,genus,,B311:1,accepted,,,,,,,,,,,Berberis,,,Berberis,39LV,3033893,39LV,3033893
B311:1:12,Berberis vulgaris,,Berberis,,vulgaris,,species,,B311:1,accepted,,,B311:1:11,Berberis,,,,,,,Berberis,,Berberis,vulgaris,LKBJ,7425472,LKBJ,7425472
B311:1:13,Betula,,,,,,genus,,B311:1,accepted,,,,,,,,,,,Betula,,,Betula,8VVK7,2875008,8VVK7,2875008
B311:1:15,Buddleja,,,,,,genus,,B311:1,accepted,,,,,,,,,,,Buddleja,,,Buddleja,62H6F,3173330,62H6F,3173330
B311:1:16,Buddleja davidii,,Buddleja,,davidii,,species,,B311:1,accepted,,,B311:1:15,Buddleja,,,,,,,Buddleja,,Buddleja,davidii,NN2L,3173338,NN2L,3173338
B311:1:17,Carpinus,,,,,,genus,,B311:1,accepted,,,,,,,,,,,Carpinus,,,Carpinus,8VVZD,2875770,8VVZD,2875770
B311:1:18,Carpinus betulus,,Carpinus,,betulus,,species,,B311:1,accepted,,,B311:1:17,Carpinus,,,,,,,Carpinus,,Carpinus,betulus,RG23,11002584,RG23,11002584
B311:1:19,Castanea Mill.,Mill.,,,,,genus,,B311:1,accepted,,,,,,,,,,,Castanea,,,Castanea Mill.,8VVZQ,2882140,8VVZQ,2882140
B311:1:20,Castanea sativa,,Castanea,,sativa,,species,,B311:1,accepted,,,B311:1:19,Castanea Mill.,,,,,,,Castanea,,Castanea,sativa,5XCVW,5333294,5XCVW,5333294
B311:1:21,Clematis,,,,,,genus,,B311:1,accepted,,,,,,,,,,,Clematis,,,Clematis,3QTB,3033512,3QTB,3033512
B311:1:22,Clematis vitalba,,Clematis,,vitalba,,species,,B311:1,accepted,,,B311:1:21,Clematis,,,,,,,Clematis,,Clematis,vitalba,VYJ3,3033558,VYJ3,3033558
B311:1:23,Cornus,,,,,,genus,,B311:1,accepted,,,,,,,,,,,Cornus,,,Cornus,8VWH2,3082226,8VWH2,3082226
B311:1:24,Cornus alba,,Cornus,,alba,,species,,B311:1,accepted,,,B311:1:23,Cornus,,,,,,,Cornus,,Cornus,alba,YGGQ,7804940,YGGQ,7804940
B311:1:25,Cornus mas,,Cornus,,mas,,species,,B311:1,accepted,,,B311:1:23,Cornus,,,,,,,Cornus,,Cornus,mas,YGL2,3082263,YGL2,3082263
B311:1:26,Cornus sanguinea,,Cornus,,sanguinea,,species,,B311:1,accepted,,,B311:1:23,Cornus,,,,,,,Cornus,,Cornus,sanguinea,YGMF,7925402,YGMF,7925402
B311:1:27,Cornus stolonifera,,Cornus,,stolonifera,,species,,B311:1,accepted,,,B311:1:23,Cornus,,,,,,,Cornus,,Cornus,stolonifera,YGMP,6427418,YGMJ,3082244
B311:1:28,Corylus,,,,,,genus,,B311:1,accepted,,,,,,,,,,,Corylus,,,Corylus,8VWHC,2875967,8VWHC,2875967
B311:1:29,Corylus avellana,,Corylus,,avellana,,species,,B311:1,accepted,,,B311:1:28,Corylus,,,,,,,Corylus,,Corylus,avellana,YQ55,7902408,YQ55,7902408
B311:1:30,Crataegus,,,,,,genus,,B311:1,accepted,,,,,,,,,,,Crataegus,,,Crataegus,3VBV,3013395,3VBV,3013395
B311:1:31,Cytisus,,,,,,genus,,B311:1,accepted,,,,,,,,,,,Cytisus,,,Cytisus,9CKHH,8089532,9CKHH,8089532
B311:1:32,Cytisus scoparius,,Cytisus,,scoparius,,species,,B311:1,accepted,,,B311:1:31,Cytisus,,,,,,,Cytisus,,Cytisus,scoparius,33S3C,5354656,33S3C,5354656
B311:1:33,Daphne,,,,,,genus,,B311:1,accepted,,,,,,,,,,,Daphne,,,Daphne,3ZT2,3188453,3ZT2,3188453
B311:1:34,Daphne mezereum,,Daphne,,mezereum,,species,,B311:1,accepted,,,B311:1:33,Daphne,,,,,,,Daphne,,Daphne,mezereum,344W3,5420852,344W3,5420852
B311:1:35,Euonymus,,,,,,genus,,B311:1,accepted,,,,,,,,,,,Euonymus,,,Euonymus,4G5H,3169115,4G5H,3169115
B311:1:36,Euonymus europaeus,,Euonymus,,europaeus,,species,,B311:1,accepted,,,B311:1:35,Euonymus,,,,,,,Euonymus,,Euonymus,europaeus,3CGVN,3169131,3CGVN,3169131
B311:1:37,Fagus,,,,,,genus,,B311:1,accepted,,,,,,,,,,,Fagus,,,Fagus,8VXN4,2874875,8VXN4,2874875
B311:1:38,Fagus sylvatica,,Fagus,,sylvatica,,species,,B311:1,accepted,,,B311:1:37,Fagus,,,,,,,Fagus,,Fagus,sylvatica,3DSK5,2882316,3DSK5,2882316
B311:1:39,Forsythia,,,,,,genus,,B311:1,accepted,,,,,,,,,,,Forsythia,,,Forsythia,8VXQ4,3172281,8VXQ4,3172281
B311:1:40,Frangula,,,,,,genus,,B311:1,accepted,,,,,,,,,,,Frangula,,,Frangula,4KZF,3039453,4KZF,3039453
B311:1:41,Frangula alnus,,Frangula,,alnus,,species,,B311:1,accepted,,,B311:1:40,Frangula,,,,,,,Frangula,,Frangula,alnus,6JLFV,3039454,6JLFV,3039454
B311:1:42,Fraxinus,,,,,,genus,,B311:1,accepted,,,,,,,,,,,Fraxinus,,,Fraxinus,8VXQ9,3172323,8VXQ9,3172323
B311:1:43,Fraxinus excelsior,,Fraxinus,,excelsior,,species,,B311:1,accepted,,,B311:1:42,Fraxinus,,,,,,,Fraxinus,,Fraxinus,excelsior,6JMBM,8322708,6JMBM,8322708
B311:1:44,Ginkgo,,,,,,genus,,B311:1,accepted,,,,,,,,,,,Ginkgo,,,Ginkgo,4NL8,2687884,4NL8,2687884
B311:1:45,Ginkgo biloba,,Ginkgo,,biloba,,species,,B311:1,accepted,,,B311:1:44,Ginkgo,,,,,,,Ginkgo,,Ginkgo,biloba,3G3B3,2687885,3G3B3,2687885
B311:1:46,Hamamelis,,,,,,genus,,B311:1,accepted,,,,,,,,,,,Hamamelis,,,Hamamelis,635R7,3152826,635R7,3152826
B311:1:47,Hippophae,,,,,,genus,,B311:1,accepted,,,,,,,,,,,Hippophae,,,Hippophae,4XFW,3039284,4XFW,3039284
B311:1:48,Hippophae rhamnoides,,Hippophae,,rhamnoides,,species,,B311:1,accepted,,,B311:1:47,Hippophae,,,,,,,Hippophae,,Hippophae,rhamnoides,3M2F8,3039285,3M2F8,3039285
B311:1:49,Jasminum,,,,,,genus,,B311:1,accepted,,,,,,,,,,,Jasminum,,,Jasminum,8VYKQ,3172260,8VYKQ,3172260
B311:1:50,Jasminum nudiflorum,,Jasminum,,nudiflorum,,species,,B311:1,accepted,,,B311:1:49,Jasminum,,,,,,,Jasminum,,Jasminum,nudiflorum,3QMMV,3172266,3QMMV,3172266
B311:1:51,Juglans,,,,,,genus,,B311:1,accepted,,,,,,,,,,,Juglans,,,Juglans,56VV,3054350,56VV,3054350
B311:1:52,Juglans regia,,Juglans,,regia,,species,,B311:1,accepted,,,B311:1:51,Juglans,,,,,,,Juglans,,Juglans,regia,6NFN8,3054368,6NFN8,3054368
B311:1:53,Larix,,,,,,genus,,B311:1,accepted,,,,,,,,,,,Larix,,,Larix,639D7,2686156,639D7,2686156
B311:1:54,Ligustrum,,,,,,genus,,B311:1,accepted,,,,,,,,,,,Ligustrum,,,Ligustrum,8VYWY,3172289,8VYWY,3172289
B311:1:55,Lonicera,,,,,,genus,,B311:1,accepted,,,,,,,,,,,Lonicera,,,Lonicera,5GFJ,2888645,5GFJ,2888645
B311:1:56,Lonicera xylosteum,,Lonicera,,xylosteum,,species,,B311:1,accepted,,,B311:1:55,Lonicera,,,,,,,Lonicera,,Lonicera,xylosteum,3VZJR,5334259,3VZJR,5334259
B311:1:57,Lonicera periclymenum,,Lonicera,,periclymenum,,species,,B311:1,accepted,,,B311:1:55,Lonicera,,,,,,,Lonicera,,Lonicera,periclymenum,6QMQP,5334277,6QMQP,5334277
B311:1:58,Lycium,,,,,,genus,,B311:1,accepted,,,,,,,,,,,Lycium,,,Lycium,5HK4,2928808,5HK4,2928808
B311:1:59,Lycium barbarum,,Lycium,,barbarum,,species,,B311:1,accepted,,,B311:1:58,Lycium,,,,,,,Lycium,,Lycium,barbarum,3WKGV,2928835,3WKGV,2928835
B311:1:60,Magnolia,,,,,,genus,,B311:1,accepted,,,,,,,,,,,Magnolia,,,Magnolia,8VZ4K,2888195,8VZ4K,2888195
B311:1:62,Malus,,,,,,genus,,B311:1,accepted,,,,,,,,,,,Malus,,,Malus,5KQ9,3001068,5KQ9,3001068
B311:1:63,Malus sylvestris,,Malus,,sylvestris,,species,,B311:1,accepted,,,B311:1:62,Malus,,,,,,,Malus,,Malus,sylvestris,3XQYH,3001509,3XQYH,3001509
B311:1:64,Mespilus,,,,,,genus,,B311:1,accepted,,,,,,,,,,,Mespilus,,,Mespilus,5Q3T,3031724,5Q3T,3031724
B311:1:65,Mespilus germanica,,Mespilus,,germanica,,species,,B311:1,accepted,,,B311:1:64,Mespilus,,,,,,,Mespilus,,Mespilus,germanica,6RBGS,3031774,6RBGS,3031774
B311:1:66,Myrica,,,,,,genus,,B311:1,accepted,,,,,,,,,,,Myrica,,,Myrica,5WHT,5938218,5WHT,5938218
B311:1:67,Myrica gale,,Myrica,,gale,,species,,B311:1,accepted,,,B311:1:66,Myrica,,,,,,,Myrica,,Myrica,gale,458DN,5414202,458DN,5414202
B311:1:68,Parthenocissus,,,,,,genus,,B311:1,accepted,,,,,,,,,,,Parthenocissus,,,Parthenocissus,6J8R,3039188,6J8R,3039188
B311:1:69,Philadelphus,,,,,,genus,,B311:1,accepted,,,,,,,,,,,Philadelphus,,,Philadelphus,6NB5,2985996,6NB5,2985996
B311:1:70,Philadelphus microphyllus,,Philadelphus,,microphyllus,,species,,B311:1,accepted,,,B311:1:69,Philadelphus,,,,,,,Philadelphus,,Philadelphus,microphyllus,4G4MX,2986010,4G4MX,2986010
B311:1:71,Platanus,,,,,,genus,,B311:1,accepted,,,,,,,,,,,Platanus,,,Platanus,6RKR,8000819,6RKR,8000819
B311:1:72,Populus,,,,,,genus,,B311:1,accepted,,,,,,,,,,,Populus,,,Populus,63PVP,3040183,63PVP,3040183
B311:1:73,Populus tremula,,Populus,,tremula,,species,,B311:1,accepted,,,B311:1:72,Populus,,,,,,,Populus,,Populus,tremula,4LVQY,3040249,4LVQY,3040249
B311:1:74,Prunus,,,,,,genus,,B311:1,accepted,,,,,,,,,,,Prunus,,,Prunus,6Y6H,3020559,6Y6H,3020559
B311:1:75,Prunus padus,,Prunus,,padus,,species,,B311:1,accepted,,,B311:1:74,Prunus,,,,,,,Prunus,,Prunus,padus,4N93X,3021037,4N93X,3021037
B311:1:76,Prunus serotina,,Prunus,,serotina,,species,,B311:1,accepted,,,B311:1:74,Prunus,,,,,,,Prunus,,Prunus,serotina,4N97Q,3021850,4N97Q,3021850
B311:1:77,Prunus spinosa,,Prunus,,spinosa,,species,,B311:1,accepted,,,B311:1:74,Prunus,,,,,,,Prunus,,Prunus,spinosa,4N98J,3023221,4N98J,3023221
B311:1:78,Pterocarya,,,,,,genus,,B311:1,accepted,,,,,,,,,,,Pterocarya,,,Pterocarya,74N8,3054376,74N8,3054376
B311:1:79,Pterocarya fraxinifolia,,Pterocarya,,fraxinifolia,,species,,B311:1,accepted,,,B311:1:78,Pterocarya,,,,,,,Pterocarya,,Pterocarya,fraxinifolia,78KVZ,4205382,78KVZ,10780986
B311:1:80,Pyrus L.,L.,,,,,genus,,B311:1,accepted,,,,,,,,,,,Pyrus,,,Pyrus L.,7689,2986532,7689,2986532
B311:1:81,Pyrus communis,,Pyrus,,communis,,species,,B311:1,accepted,,,B311:1:80,Pyrus L.,,,,,,,Pyrus,,Pyrus,communis,4QWMZ,5362573,4QWMZ,5362573
B311:1:82,Quercus,,,,,,genus,,B311:1,accepted,,,,,,,,,,,Quercus,,,Quercus,8W2YL,2877951,8W2YL,2877951
B311:1:83,Rhamnus,,,,,,genus,,B311:1,accepted,,,,,,,,,,,Rhamnus,,,Rhamnus,78CD,3039471,78CD,3039471
B311:1:84,Rhamnus catharticus,,Rhamnus,,catharticus,,species,,B311:1,accepted,,,B311:1:83,Rhamnus,,,,,,,Rhamnus,,Rhamnus,catharticus,4RZYQ,7947094,4RZYQ,7947094
B311:1:85,Ribes,,,,,,genus,,B311:1,accepted,,,,,,,,,,,Ribes,,,Ribes,79VF,2986095,79VF,2986095
B311:1:86,Ribes nigrum,,Ribes,,nigrum,,species,,B311:1,accepted,,,B311:1:85,Ribes,,,,,,,Ribes,,Ribes,nigrum,4SYG6,2986192,4SYG6,2986192
B311:1:87,Ribes rubrum,,Ribes,,rubrum,,species,,B311:1,accepted,,,B311:1:85,Ribes,,,,,,,Ribes,,Ribes,rubrum,4SYJD,2986097,4SYJD,2986097
B311:1:88,Ribes sanguineum,,Ribes,,sanguineum,,species,,B311:1,accepted,,,B311:1:85,Ribes,,,,,,,Ribes,,Ribes,sanguineum,4SYJN,2986130,4SYJN,2986130
B311:1:89,Ribes uva-crispa,,Ribes,,uva-crispa,,species,,B311:1,accepted,,,B311:1:85,Ribes,,,,,,,Ribes,,Ribes,uva-crispa,4SYLV,2986185,4SYLV,2986185
B311:1:90,Robinia L.,L.,,,,,genus,,B311:1,accepted,,,,,,,,,,,Robinia,,,Robinia L.,9CLYF,2952066,9CLYF,2952066
B311:1:91,Robinia pseudo-acacia,,Robinia,,pseudo-acacia,,species,,B311:1,accepted,,,B311:1:90,Robinia L.,,,,,,,Robinia,,Robinia,pseudo-acacia,4T7YV,5352251,4T7YV,5352251
B311:1:92,Rosa,,,,,,genus,,B311:1,accepted,,,,,,,,,,,Rosa,,,Rosa,63S6D,8395064,63S6D,8395064
B311:1:93,Rubus,,,,,,genus,,B311:1,accepted,,,,,,,,,,,Rubus,,,Rubus,643JJ,2988638,643JJ,2988638
B311:1:94,Rubus idaeus,,Rubus,,idaeus,,species,,B311:1,accepted,,,B311:1:93,Rubus,,,,,,,Rubus,,Rubus,idaeus,4TKGB,7934503,4TKGB,7934503
B311:1:95,Rubus rubra,,Rubus,,rubra,,species,,B311:1,accepted,,,B311:1:93,Rubus,,,,,,,Rubus,,Rubus,rubra,4TLJL,2989145,4TLLM,2989145
B311:1:96,Salix L.,L.,,,,,genus,,B311:1,accepted,,,,,,,,,,,Salix,,,Salix L.,7BWB,3039576,7BWB,3039576
B311:1:97,Salix purpurea,,Salix,,purpurea,,species,,B311:1,accepted,,,B311:1:96,Salix L.,,,,,,,Salix,,Salix,purpurea,79DST,5372800,79DST,5372800
B311:1:98,Sambucus,,,,,,genus,,B311:1,accepted,,,,,,,,,,,Sambucus,,,Sambucus,7C39,2888721,7C39,2888721
B311:1:99,Sambucus nigra,,Sambucus,,nigra,,species,,B311:1,accepted,,,B311:1:98,Sambucus,,,,,,,Sambucus,,Sambucus,nigra,79HX3,8809587,79HX3,8809587
B311:1:100,Sambucus racemosa,,Sambucus,,racemosa,,species,,B311:1,accepted,,,B311:1:98,Sambucus,,,,,,,Sambucus,,Sambucus,racemosa,6XHX7,2888723,6XHX7,2888723
B311:1:101,Sorbus,,,,,,genus,,B311:1,accepted,,,,,,,,,,,Sorbus,,,Sorbus,7JR7,3012146,7JR7,3012146
B311:1:102,Sorbus aucuparia,,Sorbus,,aucuparia,,species,,B311:1,accepted,,,B311:1:101,Sorbus,,,,,,,Sorbus,,Sorbus,aucuparia,4YB93,7715767,4YB93,7715767
B311:1:103,Spiraea,,,,,,genus,,B311:1,accepted,,,,,,,,,,,Spiraea,,,Spiraea,646D8,3026392,646D8,3026392
B311:1:104,Spiraea douglasii,,Spiraea,,douglasii,,species,,B311:1,accepted,,,B311:1:103,Spiraea,,,,,,,Spiraea,,Spiraea,douglasii,4Z6H5,3027159,4Z6H5,3027159
B311:1:105,Symphoricarpos,,,,,,genus,,B311:1,accepted,,,,,,,,,,,Symphoricarpos,,,Symphoricarpos,7QV6,2888628,7QV6,2888628
B311:1:106,Symphoricarpos albus,,Symphoricarpos,,albus,,species,,B311:1,accepted,,,B311:1:105,Symphoricarpos,,,,,,,Symphoricarpos,,Symphoricarpos,albus,99TB4,8012439,99TB4,8012439
B311:1:107,Symphoricarpos orbiculatus,,Symphoricarpos,,orbiculatus,,species,,B311:1,accepted,,,B311:1:105,Symphoricarpos,,,,,,,Symphoricarpos,,Symphoricarpos,orbiculatus,53PNG,2888636,53PNG,2888636
B311:1:108,Syringa,,,,,,genus,,B311:1,accepted,,,,,,,,,,,Syringa,,,Syringa,8W3XN,3230665,8W3XN,3230665
B311:1:109,Syringa vulgaris,,Syringa,,vulgaris,,species,,B311:1,accepted,,,B311:1:108,Syringa,,,,,,,Syringa,,Syringa,vulgaris,542H2,5415039,542H2,5415039
B311:1:110,Tilia,,,,,,genus,,B311:1,accepted,,,,,,,,,,,Tilia,,,Tilia,7WX3,3152041,7WX3,3152041
B311:1:111,Ulmus L.,L.,,,,,genus,,B311:1,accepted,,,,,,,,,,,Ulmus,,,Ulmus L.,84MS,2984510,84MS,2984510
B311:1:112,Viburnum,,,,,,genus,,B311:1,accepted,,,,,,,,,,,Viburnum,,,Viburnum,86MY,2888580,86MY,2888580
B311:1:113,Viburnum lantana,,Viburnum,,lantana,,species,,B311:1,accepted,,,B311:1:112,Viburnum,,,,,,,Viburnum,,Viburnum,lantana,5BC9Y,2888615,5BC9Y,2888615
B311:1:114,Viburnum opulus,,Viburnum,,opulus,,species,,B311:1,accepted,,,B311:1:112,Viburnum,,,,,,,Viburnum,,Viburnum,opulus,5BCCB,2888605,5BCCB,2888605